<?xml version="1.0" encoding="UTF-8"?>
<list name="Awakening">
	<link pattern="24hzSchema.dat" file="24hzschema" version="Awakening" />
	<link pattern="ActionName-[\w]+\.dat" file="actionname" version="Awakening" />
	<link pattern="AdditionalEffect.dat" file="additionaleffect" version="Awakening" />
	<link pattern="AdditionalItemgrp.dat" file="additionalitemgrp" version="HighFive" />
	<link pattern="AlterSkillData.dat" file="alterskilldata" version="Awakening" />
	<link pattern="AnimationCombo.dat" file="animationcombo" version="Awakening" />
	<link pattern="armorgrp.dat" file="armorgrp" version="Awakening" />
	<link pattern="castlename-[\w]+\.dat" file="castlename" version="Epilogue" />
	<link pattern="charcreategrp.dat" file="charcreategrp" version="Awakening" />
	<link pattern="chargrp.dat" file="chargrp" version="Awakening" />
	<link pattern="classinfo-[\w]+\.dat" file="classinfo" version="Awakening" />
	<link pattern="commandname-[\w]+\.dat" file="commandname" version="HighFive" />
	<link pattern="Credit-[\w]+\.dat" file="credit" version="Awakening" />
	<link pattern="DualCastTypeData.dat" file="dualcasttypedata" version="Awakening" />
	<link pattern="DynamicContentsName-[\w]+\.dat" file="dynamiccontentsname" version="Awakening" />
	<link pattern="EnterEventgrp.dat" file="entereventgrp" version="ScionsOfDestiny" />
	<link pattern="etcitemgrp.dat" file="etcitemgrp" version="Awakening" />
	<link pattern="eula-[\w]+\.dat" file="eula" version="Interlude" />
	<link pattern="exceptionminimapdata.dat" file="exceptionminimapdata" version="HighFive" />
	<link pattern="FlashConfig.dat" file="flashconfig" version="Awakening" />
	<link pattern="flymovename-[\w]+\.dat" file="flymovename" version="Awakening" />
	<link pattern="gametip-[\w]+\.dat" file="gametip" version="ScionsOfDestiny" />
	<link pattern="goodsicon.dat" file="goodsicon" version="HighFive" />
	<link pattern="hairaccessorylocgrp.dat" file="hairaccessorylocgrp" version="ScionsOfDestiny" />
	<link pattern="hennagrp-[\w]+\.dat" file="hennagrp" version="ScionsOfDestiny" />
	<link pattern="huntingzone-[\w]+\.dat" file="huntingzone" version="ScionsOfDestiny" />
	<link pattern="instantzonedata-[\w]+\.dat" file="instantzonedata" version="Epilogue" />
	<link pattern="itemname-[\w]+\.dat" file="itemname" version="Awakening" />
	<link pattern="itemstatdata.dat" file="itemstatdata" version="Awakening" />
	<link pattern="logongrp.dat" file="logongrp" version="Epilogue" />
	<link pattern="mantleexception.dat" file="mantleexception" version="HighFive" />
	<link pattern="mobskillanimgrp.dat" file="mobskillanimgrp" version="ScionsOfDestiny" />
	<link pattern="MSConditionData.dat" file="msconditiondata" version="Awakening" />
	<link pattern="musicinfo.dat" file="musicinfo" version="ScionsOfDestiny" />
	<link pattern="npcgrp.dat" file="npcgrp" version="Awakening" />
	<link pattern="npcname-[\w]+\.dat" file="npcname" version="ScionsOfDestiny" />
	<link pattern="npcstring-[\w]+\.dat" file="npcstring" version="HighFive" />
	<link pattern="obscene-[\w]+\.dat" file="obscene" version="ScionsOfDestiny" />
	<link pattern="optiondata_client-[\w]+\.dat" file="optiondata_client" version="ScionsOfDestiny" />
	<!-- find me <link pattern="PawnAnimData.dat" file="pawnanimdata" version="Awakening" /> -->
	<link pattern="posteffectdata.dat" file="posteffectdata" version="HighFive" />
	<link pattern="ProductName-[\w]+\.dat" file="productname" version="Epilogue" />
	<link pattern="QuestMarkConditionData.dat" file="questmarkconditiondata" version="Awakening" />
	<link pattern="QuestName-[\w]+\.dat" file="questname" version="Awakening" />
	<link pattern="RaidData-[\w]+\.dat" file="raiddata" version="ScionsOfDestiny" />
	<link pattern="recipe-c.dat" file="recipe-c" version="Epilogue" />
	<link pattern="ridedata.dat" file="ridedata" version="Epilogue" />
	<link pattern="sceneplayerdata.dat" file="sceneplayerdata" version="Epilogue" />
	<link pattern="servername-[\w]+\.dat" file="servername" version="Interlude" />
	<link pattern="shortcutalias.dat" file="shortcutalias" version="Epilogue" />
	<link pattern="ShuttleData.dat" file="shuttledata" version="Awakening" />
	<link pattern="skillgrp.dat" file="skillgrp" version="Awakening" />
	<link pattern="SkillName-[\w]+\.dat" file="skillname" version="ScionsOfDestiny" />
	<link pattern="SkillSoundgrp.dat" file="skillsoundgrp" version="Awakening" />
	<link pattern="skillsoundsource.dat" file="skillsoundsource" version="HighFive" />
	<link pattern="staticobject-[\w]+\.dat" file="staticobject" version="ScionsOfDestiny" />
	<!-- find me <link pattern="StatisticName-[\w]+\.dat" file="statisticname" version="Awakening" /> -->
	<link pattern="symbolname-[\w]+\.dat" file="symbolname" version="ScionsOfDestiny" />
	<link pattern="sysstring-[\w]+\.dat" file="sysstring" version="ScionsOfDestiny" />
	<link pattern="systemmsg-[\w]+\.dat" file="systemmsg" version="Interlude" />
	<link pattern="transformdata.dat" file="transformdata" version="Epilogue" />
	<link pattern="usmmoviedata-[\w]+\.dat" file="usmmoviedata" version="Awakening" />
	<link pattern="variationeffectgrp-[\w]+\.dat" file="variationeffectgrp" version="Interlude" />
	<link pattern="vehiclepartsgrp.dat" file="vehiclepartsgrp" version="Epilogue" />
	<link pattern="WeaponEnchantEffectData.dat" file="weaponenchanteffectdata" version="Awakening" />
	<link pattern="Weapongrp.dat" file="weapongrp" version="Awakening" />
	<link pattern="ZoneName-[\w]+\.dat" file="zonename" version="Awakening" />
</list>
