<?xml version="1.0" encoding="UTF-8"?>
<list name="Prelude of War Part 3 - Essence Death Knight">
	<link pattern="24hzSchema.dat" file="24hzschema" version="Awakening" />
	<link pattern="Ability.dat" file="ability" version="Valiance" />
	<link pattern="AbilityPoint.dat" file="abilitypoint" version="Valiance" />
	<link pattern="AbnormalAgathion.dat" file="abnormalagathion" version="PreludeOfWar" />
	<link pattern="AbnormalDefaultEffect(_Classic)?.dat" file="abnormaldefaulteffect" version="PreludeOfWar3" />
	<link pattern="AbnormalEdgeEffectData\.dat" file="abnormaledgeeffectdata" version="Ertheia" />
	<link pattern="ActionName(_Classic)?-[\w]+\.dat" file="actionname" version="PreludeOfWar3" />
	<link pattern="AdditionalEffect(_Classic)?.dat" file="additionaleffect" version="Helios" />
	<link pattern="AdditionalItemGrp(_Classic(Aden)?)?.dat" file="additionalitemgrp" version="Helios" />
	<link pattern="AdditionalJewelEquipEffect(_Classic)?.dat" file="additionaljewelequipeffect" version="Valiance" />
	<link pattern="AdditionalNpcGrpParts(_Classic)?.dat" file="additionalnpcgrpparts" version="Underground" />
	<link pattern="AdditionalSoulshotEffect(_Classic)?.dat" file="additionalsoulshoteffect" version="PreludeOfWar3" />
	<link pattern="agathiondata(_Classic(Aden)?)?.dat" file="agathiondata" version="Salvation" />
	<link pattern="AlchemyData.dat" file="alchemydata" version="Ertheia" />
	<link pattern="AlterSkillData.dat" file="alterskilldata" version="Awakening" />
	<link pattern="AnimationCombo(_Classic)?.dat" file="animationcombo" version="Helios" />
	<link pattern="ArmorGradeEffectSet.dat" file="armorgradeeffectset" version="PreludeOfWar3" />
	<link pattern="ArmorGradeLookChange.dat" file="armorgradelookchange" version="PreludeOfWar3" />
	<link pattern="Armorgrp(_Classic(Aden)?)?.dat" file="armorgrp" version="Helios" />
	<link pattern="ArtifactData.dat" file="artifactdata" version="EtinasFate" />
	<link pattern="ArtifactEnchantSetting.dat" file="artifactenchantsetting" version="EtinasFate" />
	<link pattern="ArtifactTypeSetting.dat" file="artifacttypesetting" version="PreludeOfWar" />
	<link pattern="ArtifactUpgrade.dat" file="artifactupgrade" version="EtinasFate" />
	<link pattern="CardCollectData(_Classic)?-[\w]+\.dat" file="cardcollectdata" version="EtinasFate" />
	<link pattern="Castlename(_Classic)?-[\w]+\.dat" file="castlename" version="GrandCrusade" />
	<link pattern="CharacterInitialStatExData.dat" file="characterinitialstatexdata" version="Salvation" />
	<link pattern="Charcreategrp(_Classic)?.dat" file="charcreategrp" version="PreludeOfWar3" />
	<link pattern="Chargrp(_Classic)?.dat" file="chargrp" version="PreludeOfWar2" />
	<link pattern="CharHeadExgrp.dat" file="charheadexgrp" version="PreludeOfWar3" />
	<link pattern="ClassInfo(_Classic(Aden)?)?-[\w]+\.dat" file="classinfo" version="GrandCrusade" />
	<link pattern="ClassTree(_Classic)?.dat" file="classtree" version="PreludeOfWar" />
	<link pattern="ClassTreeDesc(_Classic)?-[\w]+\.dat" file="classtreedesc" version="PreludeOfWar" />
	<link pattern="colorexgrp.dat" file="colorexgrp" version="Valiance" />
	<link pattern="colorExName-[\w]+\.dat" file="colorexname" version="Helios" />
	<link pattern="CombinationItemData(_Classic(Aden)?)?.dat" file="combinationitemdata" version="GrandCrusade" />
	<link pattern="Commandname(_Classic)?-[\w]+\.dat" file="commandname" version="HighFive" />
	<link pattern="Costume_Classic.dat" file="costume" version="Fafurion" />
	<link pattern="Costume_Collection_Classic.dat" file="costumecollection" version="Fafurion" />
	<link pattern="Costume_CollectionBonus_Classic.dat" file="costumecollectionbonusclassic" version="Fafurion" />
	<link pattern="Credit-[\w]+\.dat" file="credit" version="PreludeOfWar3" />
	<link pattern="CubicEffectData.dat" file="cubiceffectdata" version="Salvation" />
	<link pattern="DecoNPCData_client.dat" file="deconpcdata_client" version="Helios" />
	<link pattern="DualCastTypeData.dat" file="dualcasttypedata" version="Helios" />
	<link pattern="DyeEffect.dat" file="dyeeffect" version="PreludeOfWar" />
	<link pattern="dynamiccontentsname-[\w]+\.dat" file="dynamiccontentsname" version="Lindvior" />
	<link pattern="ElementalSpirit_Classic.dat" file="elementalspirit" version="PreludeOfWar2" />
	<link pattern="ElementalSpiritStat_Classic.dat" file="elementalspiritstat" version="Salvation" />
	<link pattern="EnchantedItemSkills(_Classic(Aden)?)?-[\w]+\.dat" file="enchanteditemskills" version="PreludeOfWar2" />
	<link pattern="EnchantedWeaponFlowEffectData(_Classic(Aden)?)?.dat" file="enchantedweaponfloweffectdata" version="PreludeOfWar2" />
	<link pattern="EnchantStatBonus(_Classic(Aden)?)?.dat" file="enchantstatbonus" version="Ertheia" />
	<link pattern="ensoul_fee_client(_Classic)?.dat" file="ensoul_fee_client" version="Helios" />
	<link pattern="ensoul_option_client(_Classic(Aden)?)?-[\w]+\.dat" file="ensoul_option_client" version="Helios" />
	<link pattern="ensoul_stone_client(_Classic)?.dat" file="ensoul_stone_client" version="Underground" />
	<link pattern="EnterEventgrp(_Classic)?.dat" file="entereventgrp" version="Helios" />
	<link pattern="EtcItemgrp(_Classic(Aden)?)?.dat" file="etcitemgrp" version="Helios" />
	<link pattern="EtcStatusData.dat" file="etcstatusdata" version="PreludeOfWar3" />
	<link pattern="eula-[\w]+\.dat" file="eula" version="Interlude" />
	<link pattern="EventAlarmList(_Classic)?-[\w]+\.dat" file="eventalarmlist" version="GrandCrusade" />
	<link pattern="EventContentsGoalName-[\w]+\.dat" file="eventcontentsgoalname" version="Lindvior" />
	<link pattern="EventContentsName-[\w]+\.dat" file="eventcontentsname" version="Lindvior" />
	<link pattern="EventLookChange.dat" file="eventlookchange" version="EtinasFate" />
	<link pattern="ExceptionMinimapData(_Classic(Aden)?)?.dat" file="exceptionminimapdata" version="Lindvior" />
	<link pattern="faceexgrp.dat" file="faceexgrp" version="Helios" />
	<link pattern="faceExName-[\w]+\.dat" file="faceexname" version="Helios" />
	<link pattern="FactionName-[\w]+\.dat" file="factionname" version="GrandCrusade" />
	<link pattern="FlashConfig.dat" file="flashconfig" version="Awakening" />
	<link pattern="flymovename(_Classic)?-[\w]+\.dat" file="flymovename" version="Awakening" />
	<link pattern="FullArmorEnchantEffectData.dat" file="fullarmorenchanteffectdata" version="Valiance" />
	<link pattern="GameDataBase(_Classic)?-[\w]+\.dat" file="gamedatabase" version="Helios" />
	<link pattern="GamePlayData(_Classic(Aden)?)?.dat" file="gameplaydata" version="PreludeOfWar3" />
	<link pattern="GameTip(_Classic)?-[\w]+\.dat" file="gametip" version="Helios" />
	<link pattern="GCShop(_Classic(Aden)?)?.dat" file="gcshop" version="PreludeOfWar2" />
	<link pattern="GeneralEffectName.dat" file="generaleffectname" version="PreludeOfWar3" />
	<link pattern="goodsicon.dat" file="goodsicon" version="Helios" />
	<link pattern="Hairaccessorylocgrp(_Classic)?.dat" file="hairaccessorylocgrp" version="Helios" />
	<link pattern="hairexgrp.dat" file="hairexgrp" version="Helios" />
	<link pattern="hairExName-[\w]+\.dat" file="hairexname" version="Helios" />
	<link pattern="Hennagrp(_Classic)?-[\w]+\.dat" file="hennagrp" version="PreludeOfWar" />
	<link pattern="HuntingZone(_Classic(Aden)?)?-[\w]+\.dat" file="huntingzone" version="GrandCrusade" />
	<link pattern="InstantZoneData(_Classic)?-[\w]+\.dat" file="instantzonedata" version="Epilogue" />
	<link pattern="item_baseinfo(_Classic(Aden)?)?.dat" file="item_baseinfo" version="PreludeOfWar3" />
	<link pattern="ItemName(_Classic(Aden)?)?-[\w]+\.dat" file="itemname" version="PreludeOfWar3" />
	<link pattern="ItemStatData(_Classic(Aden)?)?.dat" file="itemstatdata" version="Helios" />
	<link pattern="L2GameDataName.dat" file="l2gamedataname" version="Helios" />
	<link pattern="LCoinShopBanner(_Classic(Aden)?)?-[\w]+\.dat" file="lcoinshopbanner" version="PreludeOfWar3" />
	<link pattern="LCoinShopProduct(_Classic(Aden)?)?-[\w]+\.dat" file="lcoinshopproduct" version="PreludeOfWar3" />
	<link pattern="LetterCollectData(_Classic(Aden)?)?.dat" file="lettercollectdata" version="PreludeOfWar2" />
	<link pattern="LevelUpItemBonusData(_Classic(Aden)?)?.dat" file="levelupitembonusdata" version="PreludeOfWar3" />
	<link pattern="LinkedAnimData.dat" file="linkedanimdata" version="PreludeOfWar3" />
	<link pattern="Localize.dat" file="localize" version="PreludeOfWar3" />
	<link pattern="Logongrp(_Classic)?.dat" file="logongrp" version="PreludeOfWar3" />
	<link pattern="LollyCubeData.dat" file="lollycubedata" version="Ertheia" />
	<link pattern="mantleexception.dat" file="mantleexception" version="Helios" />
	<link pattern="MinimapRegion(_Classic(Aden)?)?.dat" file="minimapregion" version="GrandCrusade" />
	<link pattern="MobSkillAnimgrp(_Classic(Aden)?)?.dat" file="mobskillanimgrp" version="Helios" />
	<link pattern="MonsterBook_client.dat" file="monsterbook_client" version="GrandCrusade" />
	<link pattern="MSConditionData(_Classic(Aden)?)?.dat" file="msconditiondata" version="PreludeOfWar3" />
	<link pattern="MusicInfo(_Classic)?.dat" file="musicinfo" version="Helios" />
	<link pattern="Npcgrp(_Classic(Aden)?)?.dat" file="npcgrp" version="GrandCrusade" />
	<link pattern="NpcName(_Classic(Aden)?)?-[\w]+\.dat" file="npcname" version="ScionsOfDestiny" />
	<link pattern="NpcString(_Classic)?-[\w]+\.dat" file="npcstring" version="HighFive" />
	<link pattern="NPCTeleporter(_Classic)?.dat" file="npcteleporter" version="Ertheia" />
	<link pattern="nservice_topping_buff(_Classic)?.dat" file="nservice_topping_buff" version="Helios" />
	<link pattern="obscene-[\w]+\.dat" file="obscene" version="ScionsOfDestiny" />
	<link pattern="OneDayReward(_Classic(Aden)?)?-[\w]+\.dat" file="onedayreward" version="PreludeOfWar3" />
	<link pattern="optiondata_client(_Classic(Aden)?)?-[\w]+\.dat" file="optiondata_client" version="ScionsOfDestiny" />
	<link pattern="PawnAnimData(_Classic)?.dat" file="pawnanimdata" version="Helios" />
	<link pattern="PIAgreement-[\w]+\.dat" file="piagreement" version="Valiance" />
	<link pattern="PledgeLevelDesc-[\w]+\.dat" file="pledgeleveldesc" version="Salvation" />
	<link pattern="PledgeMasteryInfo-[\w]+\.dat" file="pledgemasteryinfo" version="Salvation" />
	<link pattern="PledgeMission-[\w]+\.dat" file="pledgemission" version="Salvation" />
	<link pattern="posteffectdata.dat" file="posteffectdata" version="Helios" />
	<link pattern="ProductName(_Classic(Aden)?)?-[\w]+\.dat" file="productname" version="Helios" />
	<link pattern="PvpbookRequiredItem(_Classic(Aden)?)?.dat" file="pvpbookrequireditem" version="PreludeOfWar2" />
	<link pattern="QuestMarkConditionData(_Classic)?.dat" file="questmarkconditiondata" version="Awakening" />
	<link pattern="QuestName(_Classic(Aden)?)?-[\w]+\.dat" file="questname" version="Fafurion" />
	<link pattern="RaidData(_Classic(Aden)?)?-[\w]+\.dat" file="raiddata" version="PreludeOfWar3" />
	<link pattern="RankingSystemData(_Classic(Aden)?)?.dat" file="rankingsystemdata" version="PreludeOfWar2" />
	<link pattern="Recipe(_Classic)?.dat" file="recipe" version="Ertheia" />
	<link pattern="recipe-c.dat" file="recipe-c" version="Lindvior" />
	<link pattern="ReplaceSkillIcon(_Classic(Aden)?)?.dat" file="replaceskillicon" version="PreludeOfWar2" />
	<link pattern="RideData(_Classic)?.dat" file="ridedata" version="Helios" />
	<link pattern="sceneplayerdata.dat" file="sceneplayerdata" version="Helios" />
	<link pattern="servername-[\w]+\.dat" file="servername" version="Helios" />
	<link pattern="SetItemGrp(_Classic(Aden)?)?-[\w]+\.dat" file="setitemgrp" version="Valiance" />
	<link pattern="ShortcutAlias(_Classic)?.dat" file="shortcutalias" version="Epilogue" />
	<link pattern="ShuttleData(_Classic)?.dat" file="shuttledata" version="Helios" />
	<link pattern="Skillgrp(_Classic(Aden)?)?.dat" file="skillgrp" version="PreludeOfWar3" />
	<link pattern="SkillName(_Classic(Aden)?)?-[\w]+\.dat" file="skillname" version="EtinasFate" />
	<link pattern="SkillSoundgrp(_Classic)?.dat" file="skillsoundgrp" version="Helios" />
	<link pattern="SkillSoundSource(_Classic)?.dat" file="skillsoundsource" version="HighFive" />
	<link pattern="StaticObject(_Classic)?-[\w]+\.dat" file="staticobject" version="Helios" />
	<link pattern="statisticname-[\w]+\.dat" file="statisticname" version="Valiance" />
	<link pattern="Symbolname(_Classic)?-[\w]+\.dat" file="symbolname" version="ScionsOfDestiny" />
	<link pattern="SysString(_Classic)?-[\w]+\.dat" file="sysstring" version="ScionsOfDestiny" />
	<link pattern="SystemMsg(_Classic)?-[\w]+\.dat" file="systemmsg" version="PreludeOfWar" />
	<link pattern="teleportlist(_Classic(Aden)?)?.dat" file="teleportlist" version="PreludeOfWar" />
	<link pattern="TimeZoneData(_Classic(Aden)?)?-[\w]+\.dat" file="timezonedata" version="PreludeOfWar3" />
	<link pattern="TransformData(_Classic(Aden)?)?.dat" file="transformdata" version="Helios" />
	<link pattern="TutorialName(_Classic)?-[\w]+\.dat" file="tutorialname" version="Salvation" />
	<link pattern="UpgradeSystem(_Classic)?.dat" file="upgradesystem" version="EtinasFate" />
	<link pattern="UpgradeSystem_Normal(_Classic(Aden)?)?.dat" file="upgradesystem_normal" version="Fafurion" />
	<link pattern="UseCountItem(_Classic)?.dat" file="usecountitem" version="Salvation" />
	<link pattern="usmmoviedata-[\w]+\.dat" file="usmmoviedata" version="Awakening" />
	<link pattern="variationeffectgrp(_Classic)?-[\w]+\.dat" file="variationeffectgrp" version="GrandCrusade" />
	<link pattern="vehiclepartsgrp.dat" file="vehiclepartsgrp" version="Helios" />
	<link pattern="warningnotice-[\w]+\.dat" file="warningnotice" version="Lindvior" />
	<link pattern="WeaponEnchantEffectData(_Classic(Aden)?)?.dat" file="weaponenchanteffectdata" version="PreludeOfWar" />
	<link pattern="Weapongrp(_Classic(Aden)?)?.dat" file="weapongrp" version="Helios" />
	<link pattern="ZoneName(_Classic(Aden)?)?-[\w]+\.dat" file="zonename" version="GrandCrusade" />
</list>
