<?xml version="1.0" encoding="UTF-8"?>
<list>
	<file pattern="Valiance" isSafePackage="true">
		<node name="data" reader="UINT" />
		<for name="effect" size="#data" hidden="false">
			<node name="ItemClassID" reader="UINT" />
			<node name="AttackEffect" reader="ASCF" />
			<node name="AttackCriticalEffect" reader="ASCF" />
		</for>
	</file>
	<file pattern="PreludeOfWar3" isSafePackage="true">
		<node name="data" reader="UINT" />
		<for name="effect" size="#data" hidden="false">
			<node name="ItemClassID" reader="UINT" />
			<node name="Level" reader="UINT" />
			<node name="AttackEffect" reader="ASCF" />
			<node name="AttackCriticalEffect" reader="ASCF" />
		</for>
	</file>
	<file pattern="MasterClass3" isSafePackage="true">
		<node name="data" reader="UINT" />
		<for name="effect" size="#data" hidden="false">
			<node name="ItemClassID" reader="UINT" />
			<node name="Level" reader="UINT" />
			<node name="AttackEffect" reader="ASCF" />
			<node name="AttackCriticalEffect" reader="ASCF" />
		</for>
	</file>
</list>
