<?xml version="1.0" encoding="UTF-8"?>
<list>
	<file pattern="ScionsOfDestiny" isSafePackage="true">
		<node name="data" reader="UINT" />
		<for name="item" size="#data" hidden="false">
			<node name="tag" reader="UINT" />
			<node name="object_id" reader="UINT" />
			<node name="drop_type" reader="UINT" />
			<node name="drop_anim_type" reader="UINT" />
			<node name="drop_radius" reader="UINT" />
			<node name="drop_height" reader="UINT" />
			<node name="UNK_0" reader="UINT" />
			<wrapper name="drop_mesh">
				<node name="drop_mesh1" reader="UNICODE" />
				<node name="drop_mesh2" reader="UNICODE" />
				<node name="drop_mesh3" reader="UNICODE" />
			</wrapper>
			<wrapper name="drop_texture">
				<node name="drop_tex1" reader="UNICODE" />
				<node name="drop_tex2" reader="UNICODE" />
				<node name="drop_tex3" reader="UNICODE" />
			</wrapper>
			<wrapper name="icon">
				<node name="icon1" reader="UNICODE" />
				<node name="icon2" reader="UNICODE" />
				<node name="icon3" reader="UNICODE" />
				<node name="icon4" reader="UNICODE" />
				<node name="icon5" reader="UNICODE" />
			</wrapper>
			<node name="durability" reader="INT" />
			<node name="weight" reader="UINT" />
			<node name="material_type" reader="UINT" />
			<node name="crystallizable" reader="UINT" />
			<node name="UNK_1" reader="UINT" />
			<node name="body_part" reader="UINT" />
			
			<node name="m_HumnFigh" reader="MTX" />
			<node name="m_HumnFigh_add" reader="MTX" />
			<node name="f_HumnFigh" reader="MTX" />
			<node name="f_HumnFigh_add" reader="MTX" />
			
			<node name="m_DarkElf" reader="MTX" />
			<node name="m_DarkElf_add" reader="MTX" />
			<node name="f_DarkElf" reader="MTX" />
			<node name="f_DarkElf_add" reader="MTX" />
			
			<node name="m_Dorf" reader="MTX" />
			<node name="m_Dorf_add" reader="MTX" />
			<node name="f_Dorf" reader="MTX" />
			<node name="f_Dorf_add" reader="MTX" />
			
			<node name="m_Elf" reader="MTX" />
			<node name="m_Elf_add" reader="MTX" />
			<node name="f_Elf" reader="MTX" />
			<node name="f_Elf_add" reader="MTX" />
			
			<node name="m_HumnMyst" reader="MTX" />
			<node name="m_HumnMyst_add" reader="MTX" />
			<node name="f_HumnMyst" reader="MTX" />
			<node name="f_HumnMyst_add" reader="MTX" />
			
			<node name="m_OrcFigh" reader="MTX" />
			<node name="m_OrcFigh_add" reader="MTX" />
			<node name="f_OrcFigh" reader="MTX" />
			<node name="f_OrcFigh_add" reader="MTX" />
			
			<node name="m_OrcMage" reader="MTX" />
			<node name="m_OrcMage_add" reader="MTX" />
			<node name="f_OrcMage" reader="MTX" />
			<node name="f_OrcMage_add" reader="MTX" />
			
			<node name="Unknown_MT" reader="MTX" />
			
			<node name="NPC" reader="MTX" />
			<node name="AAC" reader="MTX" />
			
			<node name="attack_effect" reader="UNICODE" />
			<node name="item_sound" reader="UINT" />
			<for name="item_sound" size="#item_sound">
				<node name="item_sound_txt" reader="UNICODE" />
			</for>
			<node name="drop_sound" reader="UNICODE" />
			<node name="equip_sound" reader="UNICODE" />
			<node name="UNK_2" reader="UINT" />
			<node name="UNK_3" reader="UINT" />
			<node name="armor_type" reader="UINT" />
			<node name="crystal_type" reader="UINT" />
			<node name="avoid_mod" reader="UINT" />
			<node name="pdef" reader="UINT" />
			<node name="mdef" reader="UINT" />
			<node name="mpbonus" reader="UINT" />
		</for>
	</file>
	<file pattern="Epilogue" isSafePackage="true">
		<node name="data" reader="UINT" />
		<for name="item" size="#data" hidden="false">
			<node name="tag" reader="UINT" />
			<node name="object_id" reader="UINT" />
			<node name="drop_type" reader="UINT" />
			<node name="drop_anim_type" reader="UINT" />
			<node name="drop_radius" reader="UINT" />
			<node name="drop_height" reader="UINT" />
			<node name="UNK_0" reader="UINT" />
			<for name="drop_texture" size="1">
				<node name="drop_mesh1" reader="UNICODE" />
				<node name="drop_mesh2" reader="UNICODE" />
				<node name="drop_mesh3" reader="UNICODE" />
				<for name="drop_texture" size="4">
					<node name="drop_texture" reader="UNICODE" />
				</for>
			</for>
			<wrapper name="newdata">
				<node name="newdata1" reader="UINT" />
				<node name="newdata2" reader="UINT" />
				<node name="newdata3" reader="UINT" />
				<node name="newdata4" reader="UINT" />
				<node name="newdata5" reader="UINT" />
				<node name="newdata6" reader="UINT" />
				<node name="newdata7" reader="UINT" />
				<node name="newdata8" reader="UINT" />
			</wrapper>
			<wrapper name="icon">
				<node name="icon1" reader="UNICODE" />
				<node name="icon2" reader="UNICODE" />
				<node name="icon3" reader="UNICODE" />
				<node name="icon4" reader="UNICODE" />
				<node name="icon5" reader="UNICODE" />
			</wrapper>
			<node name="durability" reader="INT" />
			<node name="weight" reader="UINT" />
			<node name="material_type" reader="UINT" />
			<node name="crystallizable" reader="UINT" />
			<node name="UNK_1" reader="UINT" />

			<node name="related_quest_id" reader="UINT" />
			<for name="related_quest_id" size="#related_quest_id">
				<node name="quest_id" reader="UINT" />
			</for>

			<node name="color" reader="UINT" />
			<node name="icon_panel" reader="UNICODE" />

			<node name="body_part" reader="UINT" />

			<node name="m_HumnFigh" reader="MTX" />
			<node name="m_HumnFigh_add" reader="MTX3" />
			<node name="f_HumnFigh" reader="MTX" />
			<node name="f_HumnFigh_add" reader="MTX3" />

			<node name="m_DarkElf" reader="MTX" />
			<node name="m_DarkElf_add" reader="MTX3" />
			<node name="f_DarkElf" reader="MTX" />
			<node name="f_DarkElf_add" reader="MTX3" />

			<node name="m_Dorf" reader="MTX" />
			<node name="m_Dorf_add" reader="MTX3" />
			<node name="f_Dorf" reader="MTX" />
			<node name="f_Dorf_add" reader="MTX3" />

			<node name="m_Elf" reader="MTX" />
			<node name="m_Elf_add" reader="MTX3" />
			<node name="f_Elf" reader="MTX" />
			<node name="f_Elf_add" reader="MTX3" />

			<node name="m_HumnMyst" reader="MTX" />
			<node name="m_HumnMyst_add" reader="MTX3" />
			<node name="f_HumnMyst" reader="MTX" />
			<node name="f_HumnMyst_add" reader="MTX3" />

			<node name="m_OrcFigh" reader="MTX" />
			<node name="m_OrcFigh_add" reader="MTX3" />
			<node name="f_OrcFigh" reader="MTX" />
			<node name="f_OrcFigh_add" reader="MTX3" />

			<node name="m_OrcMage" reader="MTX" />
			<node name="m_OrcMage_add" reader="MTX3" />
			<node name="f_OrcMage" reader="MTX" />
			<node name="f_OrcMage_add" reader="MTX3" />

			<node name="m_Kamael" reader="MTX" />
			<node name="m_Kamael_add" reader="MTX3" />
			<node name="f_Kamael" reader="MTX" />
			<node name="f_Kamael_add" reader="MTX3" />

			<node name="NPC" reader="MTX" />
			<node name="NPC_add" reader="MTX3" />

			<node name="attack_effect" reader="UNICODE" />
			<node name="item_sound" reader="UINT" />
			<for name="item_sound" size="#item_sound">
				<node name="item_sound_txt" reader="UNICODE" />
			</for>
			<node name="drop_sound" reader="UNICODE" />
			<node name="equip_sound" reader="UNICODE" />
			<node name="UNK_6" reader="UINT" />
			<node name="UNK_7" reader="UINT" />
			<node name="armor_type" reader="UINT" />
			<node name="crystal_type" reader="UINT" />
			<node name="avoid_mod" reader="UINT" />
			<node name="pdef" reader="UINT" />
			<node name="mdef" reader="UINT" />
			<node name="mpbonus" reader="UINT" />
			<node name="UNK_8" reader="UINT" />
		</for>
	</file>
	<file pattern="Awakening" isSafePackage="true">
		<node name="data" reader="UINT" />
		<for name="item" size="#data" hidden="false">
			<node name="tag" reader="UINT" />
			<node name="object_id" reader="UINT" />
			<node name="drop_type" reader="UINT" />
			<node name="drop_anim_type" reader="UINT" />
			<node name="drop_radius" reader="UINT" />
			<node name="drop_height" reader="UINT" />
			<node name="UNK_0" reader="UINT" />
			<for name="drop_texture" size="1">
				<node name="drop_mesh1" reader="UNICODE" />
				<node name="drop_mesh2" reader="UNICODE" />
				<node name="drop_mesh3" reader="UNICODE" />
				<for name="drop_texture" size="4">
					<node name="drop_texture" reader="UNICODE" />
				</for>
			</for>
			<wrapper name="newdata">
				<node name="newdata1" reader="UINT" />
				<node name="newdata2" reader="UINT" />
				<node name="newdata3" reader="UINT" />
				<node name="newdata4" reader="UINT" />
				<node name="newdata5" reader="UINT" />
				<node name="newdata6" reader="UINT" />
				<node name="newdata7" reader="UINT" />
				<node name="newdata8" reader="UINT" />
			</wrapper>
			<wrapper name="icon">
				<node name="icon1" reader="UNICODE" />
				<node name="icon2" reader="UNICODE" />
				<node name="icon3" reader="UNICODE" />
				<node name="icon4" reader="UNICODE" />
				<node name="icon5" reader="UNICODE" />
			</wrapper>
			<node name="durability" reader="INT" />
			<node name="weight" reader="UINT" />
			<node name="material_type" reader="UINT" />
			<node name="crystallizable" reader="UINT" />
			<node name="UNK_1" reader="UINT" />

			<node name="related_quest_id" reader="UINT" />
			<for name="related_quest_id" size="#related_quest_id">
				<node name="quest_id" reader="UINT" />
			</for>

			<wrapper name="UNK_2">
				<node name="color1" reader="UINT" />
				<node name="color2" reader="UINT" />
				<node name="color3" reader="UINT" />
			</wrapper>
			<node name="icon_panel" reader="UNICODE" />

			<node name="body_part" reader="UINT" />

			<node name="m_HumnFigh" reader="MTX" />
			<node name="m_HumnFigh_add" reader="MTX3" />
			<node name="f_HumnFigh" reader="MTX" />
			<node name="f_HumnFigh_add" reader="MTX3" />

			<node name="m_DarkElf" reader="MTX" />
			<node name="m_DarkElf_add" reader="MTX3" />
			<node name="f_DarkElf" reader="MTX" />
			<node name="f_DarkElf_add" reader="MTX3" />

			<node name="m_Dorf" reader="MTX" />
			<node name="m_Dorf_add" reader="MTX3" />
			<node name="f_Dorf" reader="MTX" />
			<node name="f_Dorf_add" reader="MTX3" />

			<node name="m_Elf" reader="MTX" />
			<node name="m_Elf_add" reader="MTX3" />
			<node name="f_Elf" reader="MTX" />
			<node name="f_Elf_add" reader="MTX3" />

			<node name="m_HumnMyst" reader="MTX" />
			<node name="m_HumnMyst_add" reader="MTX3" />
			<node name="f_HumnMyst" reader="MTX" />
			<node name="f_HumnMyst_add" reader="MTX3" />

			<node name="m_OrcFigh" reader="MTX" />
			<node name="m_OrcFigh_add" reader="MTX3" />
			<node name="f_OrcFigh" reader="MTX" />
			<node name="f_OrcFigh_add" reader="MTX3" />

			<node name="m_OrcMage" reader="MTX" />
			<node name="m_OrcMage_add" reader="MTX3" />
			<node name="f_OrcMage" reader="MTX" />
			<node name="f_OrcMage_add" reader="MTX3" />

			<node name="m_Kamael" reader="MTX" />
			<node name="m_Kamael_add" reader="MTX3" />
			<node name="f_Kamael" reader="MTX" />
			<node name="f_Kamael_add" reader="MTX3" />

			<node name="NPC" reader="MTX" />
			<node name="NPC_add" reader="MTX3" />

			<node name="attack_effect" reader="UNICODE" />
			<node name="item_sound" reader="UINT" />
			<for name="item_sound" size="#item_sound">
				<node name="item_sound_txt" reader="UNICODE" />
			</for>
			<node name="drop_sound" reader="UNICODE" />
			<node name="equip_sound" reader="UNICODE" />
			<node name="UNK_6" reader="UINT" />
			<node name="UNK_7" reader="UINT" />
			<node name="armor_type" reader="UINT" />
			<node name="crystal_type" reader="UINT" />
			<node name="avoid_mod" reader="UINT" />
			<node name="UNK_8" reader="UINT" />
		</for>
	</file>
	<file pattern="Lindvior" isSafePackage="true">
		<node name="data" reader="UINT" />
		<for name="item" size="#data" hidden="false">
			<node name="tag" reader="UINT" />
			<node name="object_id" reader="UINT" />
			<node name="drop_type" reader="UINT" />
			<node name="drop_anim_type" reader="UINT" />
			<node name="drop_radius" reader="UINT" />
			<node name="drop_height" reader="UINT" />
			<node name="UNK_0" reader="UINT" />
			<wrapper name="drop_mesh">
				<node name="drop_mesh1" reader="UNICODE" />
				<node name="drop_mesh2" reader="UNICODE" />
				<node name="drop_mesh3" reader="UNICODE" />
			</wrapper>
			<wrapper name="drop_texture">
				<node name="drop_tex1" reader="UNICODE" />
				<node name="drop_tex2" reader="UNICODE" />
				<node name="drop_tex3" reader="UNICODE" />
				<node name="drop_tex4" reader="UNICODE" />
				<node name="drop_tex5" reader="UNICODE" />
				<node name="drop_tex6" reader="UNICODE" />
				<node name="drop_tex7" reader="UNICODE" />
				<node name="drop_tex8" reader="UNICODE" />
				<node name="drop_tex9" reader="UNICODE" />
			</wrapper>
			<node name="UNK_6" reader="UINT" />
			<node name="UNK_7" reader="UINT" />
			<node name="UNK_8" reader="UINT" />
			<wrapper name="icon">
				<node name="icon1" reader="UNICODE" />
				<node name="icon2" reader="UNICODE" />
				<node name="icon3" reader="UNICODE" />
				<node name="icon4" reader="UNICODE" />
				<node name="icon5" reader="UNICODE" />
			</wrapper>
			<node name="durability" reader="UINT" />
			<node name="weight" reader="UINT" />
			<node name="material_type" reader="UINT" />
			<node name="crystallizable" reader="UINT" />
			<node name="UNK_9" reader="UINT" />
			<node name="related_quest_id" reader="UINT" />
			<for name="related_quest_id" size="#related_quest_id">
				<node name="quest_id" reader="UINT" />
			</for>
			<node name="color" reader="UINT" />
			<node name="is_attribution" reader="UINT" />
			<node name="property_params" reader="UINT" />
			<node name="icon_panel" reader="UNICODE" />
			<node name="body_part" reader="UINT" />
			<node name="m_HumnFigh" reader="MTX" />
			<node name="m_HumnFigh_add" reader="MTX3" />
			<node name="f_HumnFigh" reader="MTX" />
			<node name="f_HumnFigh_add" reader="MTX3" />
			<node name="m_DarkElf" reader="MTX" />
			<node name="m_DarkElf_add" reader="MTX3" />
			<node name="f_DarkElf" reader="MTX" />
			<node name="f_DarkElf_add" reader="MTX3" />
			<node name="m_Dorf" reader="MTX" />
			<node name="m_Dorf_add" reader="MTX3" />
			<node name="f_Dorf" reader="MTX" />
			<node name="f_Dorf_add" reader="MTX3" />
			<node name="m_Elf" reader="MTX" />
			<node name="m_Elf_add" reader="MTX3" />
			<node name="f_Elf" reader="MTX" />
			<node name="f_Elf_add" reader="MTX3" />
			<node name="m_HumnMyst" reader="MTX" />
			<node name="m_HumnMyst_add" reader="MTX3" />
			<node name="f_HumnMyst" reader="MTX" />
			<node name="f_HumnMyst_add" reader="MTX3" />
			<node name="m_OrcFigh" reader="MTX" />
			<node name="m_OrcFigh_add" reader="MTX3" />
			<node name="f_OrcFigh" reader="MTX" />
			<node name="f_OrcFigh_add" reader="MTX3" />
			<node name="m_OrcMage" reader="MTX" />
			<node name="m_OrcMage_add" reader="MTX3" />
			<node name="f_OrcMage" reader="MTX" />
			<node name="f_OrcMage_add" reader="MTX3" />
			<node name="m_Kamael" reader="MTX" />
			<node name="m_Kamael_add" reader="MTX3" />
			<node name="f_Kamael" reader="MTX" />
			<node name="f_Kamael_add" reader="MTX3" />
			<node name="NPC" reader="MTX" />
			<node name="NPC_add" reader="MTX3" />
			<node name="attack_effect" reader="UNICODE" />
			<node name="item_sound" reader="UINT" />
			<for name="item_sound" size="#item_sound">
				<node name="item_sound_txt" reader="UNICODE" />
			</for>
			<node name="drop_sound" reader="UNICODE" />
			<node name="equip_sound" reader="UNICODE" />
			<node name="UNK_11" reader="UINT" />
			<node name="UNK_12" reader="UINT" />
			<node name="armor_type" reader="UINT" />
			<node name="crystal_type" reader="UINT" />
			<node name="avoid_mod" reader="UINT" />
			<node name="UNK_13" reader="UINT" />
			<node name="UNK_tauti_8" reader="UINT" />
			<node name="UNK_tauti_9" reader="UINT" />
		</for>
	</file>
	<file pattern="Valiance" isSafePackage="true">
		<node name="data" reader="UINT" />
		<for name="item" size="#data" hidden="false">
			<node name="tag" reader="UINT" />
			<node name="object_id" reader="UINT" />
			<node name="drop_type" reader="UINT" />
			<node name="drop_anim_type" reader="UINT" />
			<node name="drop_radius" reader="UINT" />
			<node name="drop_height" reader="UINT" />
			<node name="UNK_0" reader="UINT" />
			<wrapper name="drop_mesh">
				<node name="drop_mesh1" reader="UNICODE" />
				<node name="drop_mesh2" reader="UNICODE" />
				<node name="drop_mesh3" reader="UNICODE" />
			</wrapper>
			<wrapper name="drop_texture">
				<node name="drop_tex1" reader="UNICODE" />
				<node name="drop_tex2" reader="UNICODE" />
				<node name="drop_tex3" reader="UNICODE" />
				<node name="drop_tex4" reader="UNICODE" />
				<node name="drop_tex5" reader="UNICODE" />
				<node name="drop_tex6" reader="UNICODE" />
				<node name="drop_tex7" reader="UNICODE" />
				<node name="drop_tex8" reader="UNICODE" />
				<node name="drop_tex9" reader="UNICODE" />
			</wrapper>
			<node name="UNK_6" reader="UINT" />
			<node name="UNK_7" reader="UINT" />
			<node name="UNK_8" reader="UINT" />
			<wrapper name="icon">
				<node name="icon1" reader="UNICODE" />
				<node name="icon2" reader="UNICODE" />
				<node name="icon3" reader="UNICODE" />
				<node name="icon4" reader="UNICODE" />
				<node name="icon5" reader="UNICODE" />
			</wrapper>
			<node name="durability" reader="UINT" />
			<node name="weight" reader="UINT" />
			<node name="material_type" reader="UINT" />
			<node name="crystallizable" reader="UINT" />
			<node name="UNK_9" reader="UINT" />
			<node name="related_quest_id" reader="UINT" />
			<for name="related_quest_id" size="#related_quest_id">
				<node name="quest_id" reader="UINT" />
			</for>
			<node name="color" reader="UINT" />
			<node name="is_attribution" reader="UINT" />
			<node name="property_params" reader="UINT" />
			<node name="icon_panel" reader="UNICODE" />
			<node name="complete_item_dropsound_type" reader="ASCF" />
			<node name="inventory_type" reader="UINT" />
			<node name="body_part" reader="UINT" />
			<node name="m_HumnFigh" reader="MTX" />
			<node name="m_HumnFigh_add" reader="MTX3" />
			<node name="f_HumnFigh" reader="MTX" />
			<node name="f_HumnFigh_add" reader="MTX3" />
			<node name="m_DarkElf" reader="MTX" />
			<node name="m_DarkElf_add" reader="MTX3" />
			<node name="f_DarkElf" reader="MTX" />
			<node name="f_DarkElf_add" reader="MTX3" />
			<node name="m_Dorf" reader="MTX" />
			<node name="m_Dorf_add" reader="MTX3" />
			<node name="f_Dorf" reader="MTX" />
			<node name="f_Dorf_add" reader="MTX3" />
			<node name="m_Elf" reader="MTX" />
			<node name="m_Elf_add" reader="MTX3" />
			<node name="f_Elf" reader="MTX" />
			<node name="f_Elf_add" reader="MTX3" />
			<node name="m_HumnMyst" reader="MTX" />
			<node name="m_HumnMyst_add" reader="MTX3" />
			<node name="f_HumnMyst" reader="MTX" />
			<node name="f_HumnMyst_add" reader="MTX3" />
			<node name="m_OrcFigh" reader="MTX" />
			<node name="m_OrcFigh_add" reader="MTX3" />
			<node name="f_OrcFigh" reader="MTX" />
			<node name="f_OrcFigh_add" reader="MTX3" />
			<node name="m_OrcMage" reader="MTX" />
			<node name="m_OrcMage_add" reader="MTX3" />
			<node name="f_OrcMage" reader="MTX" />
			<node name="f_OrcMage_add" reader="MTX3" />
			<node name="m_Kamael" reader="MTX" />
			<node name="m_Kamael_add" reader="MTX3" />
			<node name="f_Kamael" reader="MTX" />
			<node name="f_Kamael_add" reader="MTX3" />
			<node name="NPC" reader="MTX" />
			<node name="NPC_add" reader="MTX3" />
			<node name="attack_effect" reader="UNICODE" />
			<node name="item_sound" reader="UINT" />
			<for name="item_sound" size="#item_sound">
				<node name="item_sound_txt" reader="UNICODE" />
			</for>
			<node name="drop_sound" reader="UNICODE" />
			<node name="equip_sound" reader="UNICODE" />
			<node name="UNK_11" reader="UINT" />
			<node name="UNK_12" reader="UINT" />
			<node name="armor_type" reader="UINT" />
			<node name="crystal_type" reader="UINT" />
			<node name="avoid_mod" reader="UINT" />
			<node name="UNK_13" reader="UINT" />
			<node name="UNK_tauti_8" reader="UINT" />
			<node name="UNK_tauti_9" reader="UINT" />
			<node name="UNK_lv_0" reader="UINT" />
		</for>
	</file>
	<file pattern="Ertheia" isSafePackage="true">
		<node name="data" reader="UINT" />
		<for name="item" size="#data" hidden="false">
			<node name="tag" reader="UINT" />
			<node name="object_id" reader="UINT" />
			<node name="drop_type" reader="UINT" />
			<node name="drop_anim_type" reader="UINT" />
			<node name="drop_radius" reader="UINT" />
			<node name="drop_height" reader="UINT" />
			<node name="UNK_0" reader="UINT" />
			<wrapper name="drop_mesh">
				<node name="drop_mesh1" reader="UNICODE" />
				<node name="drop_mesh2" reader="UNICODE" />
				<node name="drop_mesh3" reader="UNICODE" />
			</wrapper>
			<wrapper name="drop_texture">
				<node name="drop_tex1" reader="UNICODE" />
				<node name="drop_tex2" reader="UNICODE" />
				<node name="drop_tex3" reader="UNICODE" />
				<node name="drop_tex4" reader="UNICODE" />
				<node name="drop_tex5" reader="UNICODE" />
				<node name="drop_tex6" reader="UNICODE" />
				<node name="drop_tex7" reader="UNICODE" />
				<node name="drop_tex8" reader="UNICODE" />
				<node name="drop_tex9" reader="UNICODE" />
			</wrapper>
			<node name="UNK_6" reader="UINT" />
			<node name="UNK_7" reader="UINT" />
			<node name="UNK_8" reader="UINT" />
			<wrapper name="icon">
				<node name="icon1" reader="UNICODE" />
				<node name="icon2" reader="UNICODE" />
				<node name="icon3" reader="UNICODE" />
				<node name="icon4" reader="UNICODE" />
				<node name="icon5" reader="UNICODE" />
			</wrapper>
			<node name="durability" reader="UINT" />
			<node name="weight" reader="UINT" />
			<node name="material_type" reader="UINT" />
			<node name="crystallizable" reader="UINT" />
			<node name="UNK_9" reader="UINT" />
			<node name="related_quest_id" reader="UINT" />
			<for name="related_quest_id" size="#related_quest_id">
				<node name="quest_id" reader="UINT" />
			</for>
			<node name="color" reader="UINT" />
			<node name="is_attribution" reader="UINT" />
			<node name="property_params" reader="UINT" />
			<node name="icon_panel" reader="UNICODE" />
			<node name="complete_item_dropsound_type" reader="ASCF" />
			<node name="inventory_type" reader="UINT" />
			<node name="body_part" reader="UINT" />
			<node name="m_HumnFigh" reader="MTX" />
			<node name="m_HumnFigh_add" reader="MTX3" />
			<node name="f_HumnFigh" reader="MTX" />
			<node name="f_HumnFigh_add" reader="MTX3" />
			<node name="m_DarkElf" reader="MTX" />
			<node name="m_DarkElf_add" reader="MTX3" />
			<node name="f_DarkElf" reader="MTX" />
			<node name="f_DarkElf_add" reader="MTX3" />
			<node name="m_Dorf" reader="MTX" />
			<node name="m_Dorf_add" reader="MTX3" />
			<node name="f_Dorf" reader="MTX" />
			<node name="f_Dorf_add" reader="MTX3" />
			<node name="m_Elf" reader="MTX" />
			<node name="m_Elf_add" reader="MTX3" />
			<node name="f_Elf" reader="MTX" />
			<node name="f_Elf_add" reader="MTX3" />
			<node name="m_HumnMyst" reader="MTX" />
			<node name="m_HumnMyst_add" reader="MTX3" />
			<node name="f_HumnMyst" reader="MTX" />
			<node name="f_HumnMyst_add" reader="MTX3" />
			<node name="m_OrcFigh" reader="MTX" />
			<node name="m_OrcFigh_add" reader="MTX3" />
			<node name="f_OrcFigh" reader="MTX" />
			<node name="f_OrcFigh_add" reader="MTX3" />
			<node name="m_OrcMage" reader="MTX" />
			<node name="m_OrcMage_add" reader="MTX3" />
			<node name="f_OrcMage" reader="MTX" />
			<node name="f_OrcMage_add" reader="MTX3" />
			<node name="m_Kamael" reader="MTX" />
			<node name="m_Kamael_add" reader="MTX3" />
			<node name="f_Kamael" reader="MTX" />
			<node name="f_Kamael_add" reader="MTX3" />
			<node name="mertheia" reader="MTX" />
			<node name="mertheia_mesh_add" reader="MTX3" />
			<node name="fertheia" reader="MTX" />
			<node name="fertheia_mesh_add" reader="MTX3" />
			<node name="NPC" reader="MTX" />
			<node name="NPC_add" reader="MTX3" />
			<node name="attack_effect" reader="UNICODE" />
			<node name="item_sound" reader="UINT" />
			<for name="item_sound" size="#item_sound">
				<node name="item_sound_txt" reader="UNICODE" />
			</for>
			<node name="drop_sound" reader="UNICODE" />
			<node name="equip_sound" reader="UNICODE" />
			<node name="UNK_11" reader="UINT" />
			<node name="UNK_12" reader="UINT" />
			<node name="armor_type" reader="UINT" />
			<node name="crystal_type" reader="UINT" />
			<node name="avoid_mod" reader="UINT" />
			<node name="UNK_13" reader="UINT" />
			<node name="UNK_tauti_8" reader="UINT" />
			<node name="UNK_tauti_9" reader="UINT" />
			<node name="UNK_lv_0" reader="UINT" />
		</for>
	</file>
	<file pattern="Underground" isSafePackage="true">
		<node name="data" reader="UINT" />
		<for name="item" size="#data" hidden="false">
			<node name="tag" reader="UINT" />
			<node name="object_id" reader="UINT" />
			<node name="drop_type" reader="UINT" />
			<node name="drop_anim_type" reader="UINT" />
			<node name="drop_radius" reader="UINT" />
			<node name="drop_height" reader="UINT" />
			<node name="UNK_0" reader="UINT" />
			<wrapper name="drop_mesh">
				<node name="drop_mesh1" reader="UNICODE" />
				<node name="drop_mesh2" reader="UNICODE" />
				<node name="drop_mesh3" reader="UNICODE" />
			</wrapper>
			<wrapper name="drop_texture">
				<node name="drop_tex1" reader="UNICODE" />
				<node name="drop_tex2" reader="UNICODE" />
				<node name="drop_tex3" reader="UNICODE" />
				<node name="drop_tex4" reader="UNICODE" />
				<node name="drop_tex5" reader="UNICODE" />
				<node name="drop_tex6" reader="UNICODE" />
				<node name="drop_tex7" reader="UNICODE" />
				<node name="drop_tex8" reader="UNICODE" />
				<node name="drop_tex9" reader="UNICODE" />
			</wrapper>
			<node name="UNK_6" reader="UINT" />
			<node name="UNK_7" reader="UINT" />
			<node name="UNK_8" reader="UINT" />
			<wrapper name="icon">
				<node name="icon1" reader="UNICODE" />
				<node name="icon2" reader="UNICODE" />
				<node name="icon3" reader="UNICODE" />
				<node name="icon4" reader="UNICODE" />
				<node name="icon5" reader="UNICODE" />
			</wrapper>
			<node name="durability" reader="UINT" />
			<node name="weight" reader="UINT" />
			<node name="material_type" reader="UINT" />
			<node name="crystallizable" reader="UINT" />
			<node name="UNK_9" reader="UINT" />
			<node name="related_quest_id" reader="UINT" />
			<for name="related_quest_id" size="#related_quest_id">
				<node name="quest_id" reader="UINT" />
			</for>
			<node name="color" reader="UINT" />
			<node name="is_attribution" reader="UINT" />
			<node name="property_params" reader="UINT" />
			<node name="icon_panel" reader="UNICODE" />
			<node name="complete_item_dropsound_type" reader="ASCF" />
			<node name="inventory_type" reader="UINT" />
			<node name="body_part" reader="UINT" />
			<node name="m_HumnFigh" reader="MTX" />
			<node name="m_HumnFigh_add" reader="MTX3" />
			<node name="f_HumnFigh" reader="MTX" />
			<node name="f_HumnFigh_add" reader="MTX3" />
			<node name="m_DarkElf" reader="MTX" />
			<node name="m_DarkElf_add" reader="MTX3" />
			<node name="f_DarkElf" reader="MTX" />
			<node name="f_DarkElf_add" reader="MTX3" />
			<node name="m_Dorf" reader="MTX" />
			<node name="m_Dorf_add" reader="MTX3" />
			<node name="f_Dorf" reader="MTX" />
			<node name="f_Dorf_add" reader="MTX3" />
			<node name="m_Elf" reader="MTX" />
			<node name="m_Elf_add" reader="MTX3" />
			<node name="f_Elf" reader="MTX" />
			<node name="f_Elf_add" reader="MTX3" />
			<node name="m_HumnMyst" reader="MTX" />
			<node name="m_HumnMyst_add" reader="MTX3" />
			<node name="f_HumnMyst" reader="MTX" />
			<node name="f_HumnMyst_add" reader="MTX3" />
			<node name="m_OrcFigh" reader="MTX" />
			<node name="m_OrcFigh_add" reader="MTX3" />
			<node name="f_OrcFigh" reader="MTX" />
			<node name="f_OrcFigh_add" reader="MTX3" />
			<node name="m_OrcMage" reader="MTX" />
			<node name="m_OrcMage_add" reader="MTX3" />
			<node name="f_OrcMage" reader="MTX" />
			<node name="f_OrcMage_add" reader="MTX3" />
			<node name="m_Kamael" reader="MTX" />
			<node name="m_Kamael_add" reader="MTX3" />
			<node name="f_Kamael" reader="MTX" />
			<node name="f_Kamael_add" reader="MTX3" />
			<node name="mertheia" reader="MTX" />
			<node name="mertheia_mesh_add" reader="MTX3" />
			<node name="fertheia" reader="MTX" />
			<node name="fertheia_mesh_add" reader="MTX3" />
			<node name="NPC" reader="MTX" />
			<node name="NPC_add" reader="MTX3" />
			<node name="attack_effect" reader="UNICODE" />
			<node name="item_sound" reader="UINT" />
			<for name="item_sound" size="#item_sound">
				<node name="item_sound_txt" reader="UNICODE" />
			</for>
			<node name="drop_sound" reader="UNICODE" />
			<node name="equip_sound" reader="UNICODE" />
			<node name="UNK_11" reader="UINT" />
			<node name="UNK_12" reader="UINT" />
			<node name="armor_type" reader="UINT" />
			<node name="crystal_type" reader="UINT" />
			<node name="avoid_mod" reader="UINT" />
			<node name="UNK_13" reader="UINT" />
			<node name="UNK_tauti_8" reader="UINT" />
			<node name="UNK_tauti_9" reader="UINT" />
			<node name="UNK_lv_0" reader="UINT" />
		</for>
	</file>
	<file pattern="Helios" isSafePackage="true">
		<node name="data" reader="UINT" />
		<for name="item" size="#data" hidden="false">
			<node name="tag" reader="UCHAR" />
			<node name="object_id" reader="UINT" />
			<node name="drop_type" reader="UCHAR" />
			<node name="drop_anim_type" reader="UCHAR" />
			<node name="drop_radius" reader="UCHAR" />
			<node name="drop_height" reader="UCHAR" />
			<node name="drop_texture" reader="UCHAR" />
			<for name="drop_texture" size="#drop_texture">
				<node name="drop_mesh" reader="MAP_INT" />
				<node name="drop_texture2" reader="UCHAR" />
				<for name="drop_texture2" size="#drop_texture2">
					<node name="drop_tex1" reader="MAP_INT" />
				</for>
			</for>
			<wrapper name="icon">
				<node name="icon1" reader="MAP_INT" />
				<node name="icon2" reader="MAP_INT" />
				<node name="icon3" reader="MAP_INT" />
				<node name="icon4" reader="MAP_INT" />
				<node name="icon5" reader="MAP_INT" />
			</wrapper>
			<node name="durability" reader="SHORT" />
			<node name="weight" reader="SHORT" />
			<node name="material_type" reader="UCHAR" enumName="material_type" />
			<node name="crystallizable" reader="UCHAR" />
			<node name="related_quest_id" reader="UCHAR" />
			<for name="related_quest_id" size="#related_quest_id">
				<node name="quest_id" reader="SHORT" />
			</for>
			<node name="color" reader="UCHAR" />
			<node name="is_attribution" reader="UCHAR" />
			<node name="property_params" reader="SHORT" />
			<node name="icon_panel" reader="MAP_INT" />
			<node name="complete_item_dropsound_type" reader="MAP_INT" />
			<node name="inventory_type" reader="UCHAR" enumName="inventory_type" />
			<node name="body_part" reader="UCHAR" enumName="bodypart_v2_type" />
			<node name="m_HumnFigh" reader="MTX_NEW2" />
			<node name="m_HumnFigh_add" reader="MTX3_NEW2" />
			<node name="f_HumnFigh" reader="MTX_NEW2" />
			<node name="f_HumnFigh_add" reader="MTX3_NEW2" />
			<node name="m_DarkElf" reader="MTX_NEW2" />
			<node name="m_DarkElf_add" reader="MTX3_NEW2" />
			<node name="f_DarkElf" reader="MTX_NEW2" />
			<node name="f_DarkElf_add" reader="MTX3_NEW2" />
			<node name="m_Dorf" reader="MTX_NEW2" />
			<node name="m_Dorf_add" reader="MTX3_NEW2" />
			<node name="f_Dorf" reader="MTX_NEW2" />
			<node name="f_Dorf_add" reader="MTX3_NEW2" />
			<node name="m_Elf" reader="MTX_NEW2" />
			<node name="m_Elf_add" reader="MTX3_NEW2" />
			<node name="f_Elf" reader="MTX_NEW2" />
			<node name="f_Elf_add" reader="MTX3_NEW2" />
			<node name="m_HumnMyst" reader="MTX_NEW2" />
			<node name="m_HumnMyst_add" reader="MTX3_NEW2" />
			<node name="f_HumnMyst" reader="MTX_NEW2" />
			<node name="f_HumnMyst_add" reader="MTX3_NEW2" />
			<node name="m_OrcFigh" reader="MTX_NEW2" />
			<node name="m_OrcFigh_add" reader="MTX3_NEW2" />
			<node name="f_OrcFigh" reader="MTX_NEW2" />
			<node name="f_OrcFigh_add" reader="MTX3_NEW2" />
			<node name="m_OrcMage" reader="MTX_NEW2" />
			<node name="m_OrcMage_add" reader="MTX3_NEW2" />
			<node name="f_OrcMage" reader="MTX_NEW2" />
			<node name="f_OrcMage_add" reader="MTX3_NEW2" />
			<node name="m_Kamael" reader="MTX_NEW2" />
			<node name="m_Kamael_add" reader="MTX3_NEW2" />
			<node name="f_Kamael" reader="MTX_NEW2" />
			<node name="f_Kamael_add" reader="MTX3_NEW2" />
			<node name="mertheia" reader="MTX_NEW2" />
			<node name="mertheia_mesh_add" reader="MTX3_NEW2" />
			<node name="fertheia" reader="MTX_NEW2" />
			<node name="fertheia_mesh_add" reader="MTX3_NEW2" />
			<node name="NPC" reader="MTX_NEW2" />
			<node name="NPC_add" reader="MTX3_NEW2" />
			<node name="attack_effect" reader="MAP_INT" />
			<node name="item_sound" reader="UCHAR" />
			<for name="item_sound" size="#item_sound">
				<node name="item_sound_txt" reader="MAP_INT" />
			</for>
			<node name="drop_sound" reader="MAP_INT" />
			<node name="equip_sound" reader="MAP_INT" />
			<node name="UNK_7" reader="UINT" />
			<node name="UNK_6" reader="UCHAR" />
			<node name="armor_type" reader="UCHAR" enumName="armor_type" />
			<node name="crystal_type" reader="UCHAR" enumName="grade_type" />
			<node name="mp_bonus" reader="SHORT" />
			<node name="hide_mask" reader="SHORT" />
			<node name="underwear_body_part1" reader="UCHAR" />
			<node name="underwear_body_part2" reader="UCHAR" />
			<node name="full_armor_enchant_effect_type" reader="UCHAR" />
		</for>
	</file>
	<file pattern="ReturnOfTheQueenAnt" isSafePackage="true">
		<node name="data" reader="UINT" />
		<for name="item" size="#data" hidden="false">
			<node name="tag" reader="UCHAR" />
			<node name="object_id" reader="UINT" />
			<node name="drop_type" reader="UCHAR" />
			<node name="drop_anim_type" reader="UCHAR" />
			<node name="drop_radius" reader="UCHAR" />
			<node name="drop_height" reader="UCHAR" />
			<node name="drop_texture" reader="UCHAR" />
			<for name="drop_texture" size="#drop_texture">
				<node name="drop_mesh" reader="MAP_INT" />
				<node name="drop_texture2" reader="UCHAR" />
				<for name="drop_texture2" size="#drop_texture2">
					<node name="drop_tex1" reader="MAP_INT" />
				</for>
			</for>
			<wrapper name="icon">
				<node name="icon1" reader="MAP_INT" />
				<node name="icon2" reader="MAP_INT" />
				<node name="icon3" reader="MAP_INT" />
				<node name="icon4" reader="MAP_INT" />
				<node name="icon5" reader="MAP_INT" />
			</wrapper>
			<node name="durability" reader="SHORT" />
			<node name="weight" reader="SHORT" />
			<node name="material_type" reader="UCHAR" enumName="material_type" />
			<node name="crystallizable" reader="UCHAR" />
			<node name="related_quest_id" reader="UCHAR" />
			<for name="related_quest_id" size="#related_quest_id">
				<node name="quest_id" reader="SHORT" />
			</for>
			<node name="color" reader="UCHAR" />
			<node name="is_attribution" reader="UCHAR" />
			<node name="property_params" reader="SHORT" />
			<node name="icon_panel" reader="MAP_INT" />
			<node name="complete_item_dropsound_type" reader="MAP_INT" />
			<node name="inventory_type" reader="UCHAR" enumName="inventory_type" />
			<node name="body_part" reader="UCHAR" enumName="bodypart_v2_type" />
			<node name="m_HumnFigh" reader="MTX_NEW2" />
			<node name="m_HumnFigh_add" reader="MTX3_NEW2" />
			<node name="f_HumnFigh" reader="MTX_NEW2" />
			<node name="f_HumnFigh_add" reader="MTX3_NEW2" />
			<node name="m_DarkElf" reader="MTX_NEW2" />
			<node name="m_DarkElf_add" reader="MTX3_NEW2" />
			<node name="f_DarkElf" reader="MTX_NEW2" />
			<node name="f_DarkElf_add" reader="MTX3_NEW2" />
			<node name="m_Dorf" reader="MTX_NEW2" />
			<node name="m_Dorf_add" reader="MTX3_NEW2" />
			<node name="f_Dorf" reader="MTX_NEW2" />
			<node name="f_Dorf_add" reader="MTX3_NEW2" />
			<node name="m_Elf" reader="MTX_NEW2" />
			<node name="m_Elf_add" reader="MTX3_NEW2" />
			<node name="f_Elf" reader="MTX_NEW2" />
			<node name="f_Elf_add" reader="MTX3_NEW2" />
			<node name="m_HumnMyst" reader="MTX_NEW2" />
			<node name="m_HumnMyst_add" reader="MTX3_NEW2" />
			<node name="f_HumnMyst" reader="MTX_NEW2" />
			<node name="f_HumnMyst_add" reader="MTX3_NEW2" />
			<node name="m_OrcFigh" reader="MTX_NEW2" />
			<node name="m_OrcFigh_add" reader="MTX3_NEW2" />
			<node name="f_OrcFigh" reader="MTX_NEW2" />
			<node name="f_OrcFigh_add" reader="MTX3_NEW2" />
			<node name="m_OrcMage" reader="MTX_NEW2" />
			<node name="m_OrcMage_add" reader="MTX3_NEW2" />
			<node name="f_OrcMage" reader="MTX_NEW2" />
			<node name="f_OrcMage_add" reader="MTX3_NEW2" />
			<node name="m_Kamael" reader="MTX_NEW2" />
			<node name="m_Kamael_add" reader="MTX3_NEW2" />
			<node name="f_Kamael" reader="MTX_NEW2" />
			<node name="f_Kamael_add" reader="MTX3_NEW2" />
			<node name="m_ertheia" reader="MTX_NEW2" />
			<node name="m_ertheia_mesh_add" reader="MTX3_NEW2" />
			<node name="f_ertheia" reader="MTX_NEW2" />
			<node name="f_ertheia_mesh_add" reader="MTX3_NEW2" />
			<node name="m_sylph" reader="MTX_NEW2" />
			<node name="m_sylph_mesh_add" reader="MTX3_NEW2" />
			<node name="f_sylph" reader="MTX_NEW2" />
			<node name="f_sylph_mesh_add" reader="MTX3_NEW2" />
			<node name="NPC" reader="MTX_NEW2" />
			<node name="NPC_add" reader="MTX3_NEW2" />
			<node name="attack_effect" reader="MAP_INT" />
			<node name="item_sound" reader="UCHAR" />
			<for name="item_sound" size="#item_sound">
				<node name="item_sound_txt" reader="MAP_INT" />
			</for>
			<node name="drop_sound" reader="MAP_INT" />
			<node name="equip_sound" reader="MAP_INT" />
			<node name="UNK_7" reader="UINT" />
			<node name="UNK_6" reader="UCHAR" />
			<node name="armor_type" reader="UCHAR" enumName="armor_type" />
			<node name="crystal_type" reader="UCHAR" enumName="grade_type" />
			<node name="mp_bonus" reader="SHORT" />
			<node name="hide_mask" reader="SHORT" />
			<node name="underwear_body_part1" reader="UCHAR" />
			<node name="underwear_body_part2" reader="UCHAR" />
			<node name="full_armor_enchant_effect_type" reader="UCHAR" />
		</for>
	</file>
	<file pattern="ReturnOfTheQueenAnt2" isSafePackage="true">
		<node name="data" reader="UINT" />
		<for name="item" size="#data" hidden="false">
			<node name="tag" reader="UCHAR" />
			<node name="object_id" reader="UINT" />
			<node name="drop_type" reader="UCHAR" />
			<node name="drop_anim_type" reader="UCHAR" />
			<node name="drop_radius" reader="UCHAR" />
			<node name="drop_height" reader="UCHAR" />
			<node name="drop_texture" reader="UCHAR" />
			<for name="drop_texture" size="#drop_texture">
				<node name="drop_mesh" reader="MAP_INT" />
				<node name="drop_texture2" reader="UCHAR" />
				<for name="drop_texture2" size="#drop_texture2">
					<node name="drop_tex1" reader="MAP_INT" />
				</for>
			</for>
			<wrapper name="icon">
				<node name="icon1" reader="MAP_INT" />
				<node name="icon2" reader="MAP_INT" />
				<node name="icon3" reader="MAP_INT" />
				<node name="icon4" reader="MAP_INT" />
				<node name="icon5" reader="MAP_INT" />
			</wrapper>
			<node name="durability" reader="SHORT" />
			<node name="weight" reader="SHORT" />
			<node name="material_type" reader="UCHAR" enumName="material_type" />
			<node name="crystallizable" reader="UCHAR" />
			<node name="related_quest_id" reader="UCHAR" />
			<for name="related_quest_id" size="#related_quest_id">
				<node name="quest_id" reader="SHORT" />
			</for>
			<node name="color" reader="UCHAR" />
			<node name="is_attribution" reader="UCHAR" />
			<node name="property_params" reader="SHORT" />
			<node name="icon_panel" reader="MAP_INT" />
			<node name="complete_item_dropsound_type" reader="MAP_INT" />
			<node name="inventory_type" reader="UCHAR" enumName="inventory_type" />
			<node name="body_part" reader="UCHAR" enumName="bodypart_v2_type" />
			<node name="m_HumnFigh" reader="MTX_NEW2" />
			<node name="m_HumnFigh_add" reader="MTX3_NEW2" />
			<node name="f_HumnFigh" reader="MTX_NEW2" />
			<node name="f_HumnFigh_add" reader="MTX3_NEW2" />
			<node name="m_DarkElf" reader="MTX_NEW2" />
			<node name="m_DarkElf_add" reader="MTX3_NEW2" />
			<node name="f_DarkElf" reader="MTX_NEW2" />
			<node name="f_DarkElf_add" reader="MTX3_NEW2" />
			<node name="m_Dorf" reader="MTX_NEW2" />
			<node name="m_Dorf_add" reader="MTX3_NEW2" />
			<node name="f_Dorf" reader="MTX_NEW2" />
			<node name="f_Dorf_add" reader="MTX3_NEW2" />
			<node name="m_Elf" reader="MTX_NEW2" />
			<node name="m_Elf_add" reader="MTX3_NEW2" />
			<node name="f_Elf" reader="MTX_NEW2" />
			<node name="f_Elf_add" reader="MTX3_NEW2" />
			<node name="m_HumnMyst" reader="MTX_NEW2" />
			<node name="m_HumnMyst_add" reader="MTX3_NEW2" />
			<node name="f_HumnMyst" reader="MTX_NEW2" />
			<node name="f_HumnMyst_add" reader="MTX3_NEW2" />
			<node name="m_OrcFigh" reader="MTX_NEW2" />
			<node name="m_OrcFigh_add" reader="MTX3_NEW2" />
			<node name="f_OrcFigh" reader="MTX_NEW2" />
			<node name="f_OrcFigh_add" reader="MTX3_NEW2" />
			<node name="m_OrcMage" reader="MTX_NEW2" />
			<node name="m_OrcMage_add" reader="MTX3_NEW2" />
			<node name="f_OrcMage" reader="MTX_NEW2" />
			<node name="f_OrcMage_add" reader="MTX3_NEW2" />
			<node name="m_Kamael" reader="MTX_NEW2" />
			<node name="m_Kamael_add" reader="MTX3_NEW2" />
			<node name="f_Kamael" reader="MTX_NEW2" />
			<node name="f_Kamael_add" reader="MTX3_NEW2" />
			<node name="m_ertheia" reader="MTX_NEW2" />
			<node name="m_ertheia_mesh_add" reader="MTX3_NEW2" />
			<node name="f_ertheia" reader="MTX_NEW2" />
			<node name="f_ertheia_mesh_add" reader="MTX3_NEW2" />
			<node name="m_sylph" reader="MTX_NEW2" />
			<node name="m_sylph_mesh_add" reader="MTX3_NEW2" />
			<node name="f_sylph" reader="MTX_NEW2" />
			<node name="f_sylph_mesh_add" reader="MTX3_NEW2" />
			<node name="NPC" reader="MTX_NEW2" />
			<node name="NPC_add" reader="MTX3_NEW2" />
			<node name="attack_effect" reader="MAP_INT" />
			<node name="item_sound" reader="UCHAR" />
			<for name="item_sound" size="#item_sound">
				<node name="item_sound_txt" reader="MAP_INT" />
			</for>
			<node name="drop_sound" reader="MAP_INT" />
			<node name="equip_sound" reader="MAP_INT" />
			<node name="UNK_7" reader="UINT" />
			<node name="UNK_6" reader="UCHAR" />
			<node name="armor_type" reader="UCHAR" enumName="armor_type" />
			<node name="crystal_type" reader="UCHAR" enumName="grade_type" />
			<node name="mp_bonus" reader="SHORT" />
			<node name="hide_mask" reader="SHORT" />
			<node name="underwear_body_part1" reader="UCHAR" />
			<node name="underwear_body_part2" reader="UCHAR" />
			<node name="full_armor_enchant_effect_type" reader="UCHAR" />
			<wrapper name="ensoul_slot_count">
				<node name="normal_ensoul_count" reader="UCHAR" />
				<node name="special_ensoul_count" reader="UCHAR" />
			</wrapper>
		</for>
	</file>
	<file pattern="MasterClass" isSafePackage="true">
		<node name="data" reader="UINT" />
		<for name="item" size="#data" hidden="false">
			<node name="tag" reader="UCHAR" />
			<node name="object_id" reader="UINT" />
			<node name="drop_type" reader="UCHAR" />
			<node name="drop_anim_type" reader="UCHAR" />
			<node name="drop_radius" reader="UCHAR" />
			<node name="drop_height" reader="UCHAR" />
			<node name="drop_texture" reader="UINT" />
			<for name="drop_texture" size="#drop_texture">
				<node name="drop_mesh" reader="MAP_INT" />
				<node name="drop_texture2" reader="UINT" />
				<for name="drop_texture2" size="#drop_texture2">
					<node name="drop_tex1" reader="MAP_INT" />
				</for>
			</for>
			<wrapper name="icon">
				<node name="icon1" reader="MAP_INT" />
				<node name="icon2" reader="MAP_INT" />
				<node name="icon3" reader="MAP_INT" />
				<node name="icon4" reader="MAP_INT" />
				<node name="icon5" reader="MAP_INT" />
			</wrapper>
			<node name="durability" reader="SHORT" />
			<node name="weight" reader="SHORT" />
			<node name="material_type" reader="UCHAR" enumName="material_type" />
			<node name="crystallizable" reader="UCHAR" />
			<node name="related_quest_id" reader="UCHAR" />
			<for name="related_quest_id" size="#related_quest_id">
				<node name="quest_id" reader="SHORT" />
			</for>
			<node name="color" reader="UCHAR" />
			<node name="is_attribution" reader="UCHAR" />
			<node name="property_params" reader="SHORT" />
			<node name="icon_panel" reader="MAP_INT" />
			<node name="complete_item_dropsound_type" reader="MAP_INT" />
			<node name="inventory_type" reader="UCHAR" enumName="inventory_type" />
			<node name="body_part" reader="UCHAR" enumName="bodypart_v2_type" />
			<node name="m_HumnFigh" reader="MTX_NEW2" />
			<node name="m_HumnFigh_add" reader="MTX3_NEW2" />
			<node name="f_HumnFigh" reader="MTX_NEW2" />
			<node name="f_HumnFigh_add" reader="MTX3_NEW2" />
			<node name="m_DarkElf" reader="MTX_NEW2" />
			<node name="m_DarkElf_add" reader="MTX3_NEW2" />
			<node name="f_DarkElf" reader="MTX_NEW2" />
			<node name="f_DarkElf_add" reader="MTX3_NEW2" />
			<node name="m_Dorf" reader="MTX_NEW2" />
			<node name="m_Dorf_add" reader="MTX3_NEW2" />
			<node name="f_Dorf" reader="MTX_NEW2" />
			<node name="f_Dorf_add" reader="MTX3_NEW2" />
			<node name="m_Elf" reader="MTX_NEW2" />
			<node name="m_Elf_add" reader="MTX3_NEW2" />
			<node name="f_Elf" reader="MTX_NEW2" />
			<node name="f_Elf_add" reader="MTX3_NEW2" />
			<node name="m_HumnMyst" reader="MTX_NEW2" />
			<node name="m_HumnMyst_add" reader="MTX3_NEW2" />
			<node name="f_HumnMyst" reader="MTX_NEW2" />
			<node name="f_HumnMyst_add" reader="MTX3_NEW2" />
			<node name="m_OrcFigh" reader="MTX_NEW2" />
			<node name="m_OrcFigh_add" reader="MTX3_NEW2" />
			<node name="f_OrcFigh" reader="MTX_NEW2" />
			<node name="f_OrcFigh_add" reader="MTX3_NEW2" />
			<node name="m_OrcMage" reader="MTX_NEW2" />
			<node name="m_OrcMage_add" reader="MTX3_NEW2" />
			<node name="f_OrcMage" reader="MTX_NEW2" />
			<node name="f_OrcMage_add" reader="MTX3_NEW2" />
			<node name="m_Kamael" reader="MTX_NEW2" />
			<node name="m_Kamael_add" reader="MTX3_NEW2" />
			<node name="f_Kamael" reader="MTX_NEW2" />
			<node name="f_Kamael_add" reader="MTX3_NEW2" />
			<node name="m_ertheia" reader="MTX_NEW2" />
			<node name="m_ertheia_mesh_add" reader="MTX3_NEW2" />
			<node name="f_ertheia" reader="MTX_NEW2" />
			<node name="f_ertheia_mesh_add" reader="MTX3_NEW2" />
			<node name="m_sylph" reader="MTX_NEW2" />
			<node name="m_sylph_mesh_add" reader="MTX3_NEW2" />
			<node name="f_sylph" reader="MTX_NEW2" />
			<node name="f_sylph_mesh_add" reader="MTX3_NEW2" />
			<node name="NPC" reader="MTX_NEW2" />
			<node name="NPC_add" reader="MTX3_NEW2" />
			<node name="attack_effect" reader="MAP_INT" />
			<node name="item_sound" reader="UCHAR" />
			<for name="item_sound" size="#item_sound">
				<node name="item_sound_txt" reader="MAP_INT" />
			</for>
			<node name="drop_sound" reader="MAP_INT" />
			<node name="equip_sound" reader="MAP_INT" />
			<node name="UNK_7" reader="UINT" />
			<node name="UNK_6" reader="UCHAR" />
			<node name="armor_type" reader="UCHAR" enumName="armor_type" />
			<node name="crystal_type" reader="UCHAR" enumName="grade_type" />
			<node name="mp_bonus" reader="SHORT" />
			<node name="hide_mask" reader="SHORT" />
			<node name="underwear_body_part1" reader="UCHAR" />
			<node name="underwear_body_part2" reader="UCHAR" />
			<node name="full_armor_enchant_effect_type" reader="UCHAR" />
			<wrapper name="ensoul_slot_count">
				<node name="normal_ensoul_count" reader="UCHAR" />
				<node name="special_ensoul_count" reader="UCHAR" />
			</wrapper>
		</for>
	</file>
	<file pattern="MasterClass2" isSafePackage="true">
		<node name="data" reader="UINT" />
		<for name="item" size="#data" hidden="false">
			<node name="tag" reader="UCHAR" />
			<node name="object_id" reader="UINT" />
			<node name="drop_type" reader="UCHAR" />
			<node name="drop_anim_type" reader="UCHAR" />
			<node name="drop_radius" reader="UCHAR" />
			<node name="drop_height" reader="UCHAR" />
			<node name="drop_texture" reader="UINT" />
			<for name="drop_texture" size="#drop_texture">
				<node name="drop_mesh" reader="MAP_INT" />
				<node name="drop_texture2" reader="UINT" />
				<for name="drop_texture2" size="#drop_texture2">
					<node name="drop_tex1" reader="MAP_INT" />
				</for>
			</for>
			<wrapper name="icon">
				<node name="icon1" reader="MAP_INT" />
				<node name="icon2" reader="MAP_INT" />
				<node name="icon3" reader="MAP_INT" />
				<node name="icon4" reader="MAP_INT" />
				<node name="icon5" reader="MAP_INT" />
			</wrapper>
			<node name="durability" reader="SHORT" />
			<node name="weight" reader="SHORT" />
			<node name="material_type" reader="UCHAR" enumName="material_type" />
			<node name="crystallizable" reader="UCHAR" />
			<node name="related_quest_id" reader="UCHAR" />
			<for name="related_quest_id" size="#related_quest_id">
				<node name="quest_id" reader="SHORT" />
			</for>
			<node name="color" reader="UCHAR" />
			<node name="is_attribution" reader="UCHAR" />
			<node name="icon_panel" reader="MAP_INT" />
			<node name="complete_item_dropsound_type" reader="MAP_INT" />
			<node name="inventory_type" reader="UCHAR" enumName="inventory_type" />
			<node name="body_part" reader="UCHAR" enumName="bodypart_v2_type" />
			<node name="m_HumnFigh" reader="MTX_NEW2" />
			<node name="m_HumnFigh_add" reader="MTX3_NEW2" />
			<node name="f_HumnFigh" reader="MTX_NEW2" />
			<node name="f_HumnFigh_add" reader="MTX3_NEW2" />
			<node name="m_DarkElf" reader="MTX_NEW2" />
			<node name="m_DarkElf_add" reader="MTX3_NEW2" />
			<node name="f_DarkElf" reader="MTX_NEW2" />
			<node name="f_DarkElf_add" reader="MTX3_NEW2" />
			<node name="m_Dorf" reader="MTX_NEW2" />
			<node name="m_Dorf_add" reader="MTX3_NEW2" />
			<node name="f_Dorf" reader="MTX_NEW2" />
			<node name="f_Dorf_add" reader="MTX3_NEW2" />
			<node name="m_Elf" reader="MTX_NEW2" />
			<node name="m_Elf_add" reader="MTX3_NEW2" />
			<node name="f_Elf" reader="MTX_NEW2" />
			<node name="f_Elf_add" reader="MTX3_NEW2" />
			<node name="m_HumnMyst" reader="MTX_NEW2" />
			<node name="m_HumnMyst_add" reader="MTX3_NEW2" />
			<node name="f_HumnMyst" reader="MTX_NEW2" />
			<node name="f_HumnMyst_add" reader="MTX3_NEW2" />
			<node name="m_OrcFigh" reader="MTX_NEW2" />
			<node name="m_OrcFigh_add" reader="MTX3_NEW2" />
			<node name="f_OrcFigh" reader="MTX_NEW2" />
			<node name="f_OrcFigh_add" reader="MTX3_NEW2" />
			<node name="m_OrcMage" reader="MTX_NEW2" />
			<node name="m_OrcMage_add" reader="MTX3_NEW2" />
			<node name="f_OrcMage" reader="MTX_NEW2" />
			<node name="f_OrcMage_add" reader="MTX3_NEW2" />
			<node name="m_Kamael" reader="MTX_NEW2" />
			<node name="m_Kamael_add" reader="MTX3_NEW2" />
			<node name="f_Kamael" reader="MTX_NEW2" />
			<node name="f_Kamael_add" reader="MTX3_NEW2" />
			<node name="m_ertheia" reader="MTX_NEW2" />
			<node name="m_ertheia_mesh_add" reader="MTX3_NEW2" />
			<node name="f_ertheia" reader="MTX_NEW2" />
			<node name="f_ertheia_mesh_add" reader="MTX3_NEW2" />
			<node name="m_sylph" reader="MTX_NEW2" />
			<node name="m_sylph_mesh_add" reader="MTX3_NEW2" />
			<node name="f_sylph" reader="MTX_NEW2" />
			<node name="f_sylph_mesh_add" reader="MTX3_NEW2" />
			<node name="NPC" reader="MTX_NEW2" />
			<node name="NPC_add" reader="MTX3_NEW2" />
			<node name="attack_effect" reader="MAP_INT" />
			<node name="item_sound" reader="UCHAR" />
			<for name="item_sound" size="#item_sound">
				<node name="item_sound_txt" reader="MAP_INT" />
			</for>
			<node name="drop_sound" reader="MAP_INT" />
			<node name="equip_sound" reader="MAP_INT" />
			<node name="UNK_7" reader="UINT" />
			<node name="UNK_6" reader="UCHAR" />
			<node name="armor_type" reader="UCHAR" enumName="armor_type" />
			<node name="crystal_type" reader="UCHAR" enumName="grade_type" />
			<node name="mp_bonus" reader="SHORT" />
			<node name="hide_mask" reader="SHORT" />
			<node name="underwear_body_part1" reader="UCHAR" />
			<node name="underwear_body_part2" reader="UCHAR" />
			<node name="full_armor_enchant_effect_type" reader="UCHAR" />
			<wrapper name="ensoul_slot_count">
				<node name="normal_ensoul_count" reader="UCHAR" />
				<node name="special_ensoul_count" reader="UCHAR" />
			</wrapper>
		</for>
	</file>
	<file pattern="TheSourceOfFlame" isSafePackage="true">
		<node name="data" reader="UINT" />
		<for name="item" size="#data" hidden="false">
			<node name="tag" reader="UCHAR" />
			<node name="object_id" reader="UINT" />
			<node name="drop_type" reader="UCHAR" />
			<node name="drop_anim_type" reader="UCHAR" />
			<node name="drop_radius" reader="UCHAR" />
			<node name="drop_height" reader="UCHAR" />
			<node name="drop_texture" reader="UINT" />
			<for name="drop_texture" size="#drop_texture">
				<node name="drop_mesh" reader="MAP_INT" />
				<node name="drop_texture2" reader="UINT" />
				<for name="drop_texture2" size="#drop_texture2">
					<node name="drop_tex1" reader="MAP_INT" />
				</for>
				<node name="drop_texture3" reader="MAP_INT" />
				<node name="drop_texture4" reader="MAP_INT" />
			</for>
			<wrapper name="icon">
				<node name="icon1" reader="MAP_INT" />
				<node name="icon2" reader="MAP_INT" />
				<node name="icon3" reader="MAP_INT" />
				<node name="icon4" reader="MAP_INT" />
				<node name="icon5" reader="MAP_INT" />
			</wrapper>
			<node name="durability" reader="SHORT" />
			<node name="weight" reader="SHORT" />
			<node name="material_type" reader="UCHAR" enumName="material_type" />
			<node name="crystallizable" reader="UCHAR" />
			<node name="related_quest_id" reader="UCHAR" />
			<for name="related_quest_id" size="#related_quest_id">
				<node name="quest_id" reader="SHORT" />
			</for>
			<node name="color" reader="UCHAR" />
			<node name="is_attribution" reader="UCHAR" />
			<node name="icon_panel" reader="MAP_INT" />
			<node name="complete_item_dropsound_type" reader="MAP_INT" />
			<node name="inventory_type" reader="UCHAR" enumName="inventory_type" />
			<node name="body_part" reader="UCHAR" enumName="bodypart_v2_type" />
			<node name="m_HumnFigh" reader="MTX_NEW2" />
			<node name="m_HumnFigh_add" reader="MTX3_NEW2" />
			<node name="f_HumnFigh" reader="MTX_NEW2" />
			<node name="f_HumnFigh_add" reader="MTX3_NEW2" />
			<node name="m_DarkElf" reader="MTX_NEW2" />
			<node name="m_DarkElf_add" reader="MTX3_NEW2" />
			<node name="f_DarkElf" reader="MTX_NEW2" />
			<node name="f_DarkElf_add" reader="MTX3_NEW2" />
			<node name="m_Dorf" reader="MTX_NEW2" />
			<node name="m_Dorf_add" reader="MTX3_NEW2" />
			<node name="f_Dorf" reader="MTX_NEW2" />
			<node name="f_Dorf_add" reader="MTX3_NEW2" />
			<node name="m_Elf" reader="MTX_NEW2" />
			<node name="m_Elf_add" reader="MTX3_NEW2" />
			<node name="f_Elf" reader="MTX_NEW2" />
			<node name="f_Elf_add" reader="MTX3_NEW2" />
			<node name="m_HumnMyst" reader="MTX_NEW2" />
			<node name="m_HumnMyst_add" reader="MTX3_NEW2" />
			<node name="f_HumnMyst" reader="MTX_NEW2" />
			<node name="f_HumnMyst_add" reader="MTX3_NEW2" />
			<node name="m_OrcFigh" reader="MTX_NEW2" />
			<node name="m_OrcFigh_add" reader="MTX3_NEW2" />
			<node name="f_OrcFigh" reader="MTX_NEW2" />
			<node name="f_OrcFigh_add" reader="MTX3_NEW2" />
			<node name="m_OrcMage" reader="MTX_NEW2" />
			<node name="m_OrcMage_add" reader="MTX3_NEW2" />
			<node name="f_OrcMage" reader="MTX_NEW2" />
			<node name="f_OrcMage_add" reader="MTX3_NEW2" />
			<node name="m_Kamael" reader="MTX_NEW2" />
			<node name="m_Kamael_add" reader="MTX3_NEW2" />
			<node name="f_Kamael" reader="MTX_NEW2" />
			<node name="f_Kamael_add" reader="MTX3_NEW2" />
			<node name="m_ertheia" reader="MTX_NEW2" />
			<node name="m_ertheia_mesh_add" reader="MTX3_NEW2" />
			<node name="f_ertheia" reader="MTX_NEW2" />
			<node name="f_ertheia_mesh_add" reader="MTX3_NEW2" />
			<node name="m_sylph" reader="MTX_NEW2" />
			<node name="m_sylph_mesh_add" reader="MTX3_NEW2" />
			<node name="f_sylph" reader="MTX_NEW2" />
			<node name="f_sylph_mesh_add" reader="MTX3_NEW2" />
			<node name="NPC" reader="MTX_NEW2" />
			<node name="NPC_add" reader="MTX3_NEW2" />
			<node name="attack_effect" reader="MAP_INT" />
			<node name="item_sound" reader="UCHAR" />
			<for name="item_sound" size="#item_sound">
				<node name="item_sound_txt" reader="MAP_INT" />
			</for>
			<node name="drop_sound" reader="MAP_INT" />
			<node name="equip_sound" reader="MAP_INT" />
			<node name="UNK_7" reader="UINT" />
			<node name="UNK_6" reader="UCHAR" />
			<node name="armor_type" reader="UCHAR" enumName="armor_type" />
			<node name="crystal_type" reader="UCHAR" enumName="grade_type" />
			<node name="mp_bonus" reader="SHORT" />
			<node name="hide_mask" reader="SHORT" />
			<node name="underwear_body_part1" reader="UCHAR" />
			<node name="underwear_body_part2" reader="UCHAR" />
			<node name="full_armor_enchant_effect_type" reader="UCHAR" />
			<wrapper name="ensoul_slot_count">
				<node name="normal_ensoul_count" reader="UCHAR" />
				<node name="special_ensoul_count" reader="UCHAR" />
			</wrapper>
		</for>
	</file>
	<file pattern="Shinemaker" isSafePackage="true">
		<node name="data" reader="UINT" />
		<for name="item" size="#data" hidden="false">
			<node name="tag" reader="UCHAR" />
			<node name="object_id" reader="UINT" />
			<node name="drop_type" reader="UCHAR" />
			<node name="drop_anim_type" reader="UCHAR" />
			<node name="drop_radius" reader="UCHAR" />
			<node name="drop_height" reader="UCHAR" />
			<node name="drop_texture" reader="UINT" />
			<for name="drop_texture" size="#drop_texture">
				<node name="drop_mesh" reader="MAP_INT" />
				<node name="drop_texture2" reader="UINT" />
				<for name="drop_texture2" size="#drop_texture2">
					<node name="drop_tex1" reader="MAP_INT" />
				</for>
				<node name="drop_texture3" reader="MAP_INT" />
				<node name="drop_texture4" reader="MAP_INT" />
			</for>
			<wrapper name="icon">
				<node name="icon1" reader="MAP_INT" />
				<node name="icon2" reader="MAP_INT" />
				<node name="icon3" reader="MAP_INT" />
				<node name="icon4" reader="MAP_INT" />
				<node name="icon5" reader="MAP_INT" />
			</wrapper>
			<node name="durability" reader="SHORT" />
			<node name="weight" reader="SHORT" />
			<node name="material_type" reader="UCHAR" enumName="material_type" />
			<node name="crystallizable" reader="UCHAR" />
			<node name="related_quest_id" reader="UCHAR" />
			<for name="related_quest_id" size="#related_quest_id">
				<node name="quest_id" reader="SHORT" />
				<node name="quest_unk" reader="SHORT" />
			</for>
			<node name="color" reader="UCHAR" />
			<node name="is_attribution" reader="UCHAR" />
			<node name="icon_panel" reader="MAP_INT" />
			<node name="complete_item_dropsound_type" reader="MAP_INT" />
			<node name="inventory_type" reader="UCHAR" enumName="inventory_type" />
			<node name="body_part" reader="UCHAR" enumName="bodypart_v2_type" />
			<node name="m_HumnFigh" reader="MTX_NEW2" />
			<node name="m_HumnFigh_add" reader="MTX3_NEW2" />
			<node name="f_HumnFigh" reader="MTX_NEW2" />
			<node name="f_HumnFigh_add" reader="MTX3_NEW2" />
			<node name="m_DarkElf" reader="MTX_NEW2" />
			<node name="m_DarkElf_add" reader="MTX3_NEW2" />
			<node name="f_DarkElf" reader="MTX_NEW2" />
			<node name="f_DarkElf_add" reader="MTX3_NEW2" />
			<node name="m_Dorf" reader="MTX_NEW2" />
			<node name="m_Dorf_add" reader="MTX3_NEW2" />
			<node name="f_Dorf" reader="MTX_NEW2" />
			<node name="f_Dorf_add" reader="MTX3_NEW2" />
			<node name="m_Elf" reader="MTX_NEW2" />
			<node name="m_Elf_add" reader="MTX3_NEW2" />
			<node name="f_Elf" reader="MTX_NEW2" />
			<node name="f_Elf_add" reader="MTX3_NEW2" />
			<node name="m_HumnMyst" reader="MTX_NEW2" />
			<node name="m_HumnMyst_add" reader="MTX3_NEW2" />
			<node name="f_HumnMyst" reader="MTX_NEW2" />
			<node name="f_HumnMyst_add" reader="MTX3_NEW2" />
			<node name="m_OrcFigh" reader="MTX_NEW2" />
			<node name="m_OrcFigh_add" reader="MTX3_NEW2" />
			<node name="f_OrcFigh" reader="MTX_NEW2" />
			<node name="f_OrcFigh_add" reader="MTX3_NEW2" />
			<node name="m_OrcMage" reader="MTX_NEW2" />
			<node name="m_OrcMage_add" reader="MTX3_NEW2" />
			<node name="f_OrcMage" reader="MTX_NEW2" />
			<node name="f_OrcMage_add" reader="MTX3_NEW2" />
			<node name="m_Kamael" reader="MTX_NEW2" />
			<node name="m_Kamael_add" reader="MTX3_NEW2" />
			<node name="f_Kamael" reader="MTX_NEW2" />
			<node name="f_Kamael_add" reader="MTX3_NEW2" />
			<node name="m_ertheia" reader="MTX_NEW2" />
			<node name="m_ertheia_mesh_add" reader="MTX3_NEW2" />
			<node name="f_ertheia" reader="MTX_NEW2" />
			<node name="f_ertheia_mesh_add" reader="MTX3_NEW2" />
			<node name="m_sylph" reader="MTX_NEW2" />
			<node name="m_sylph_mesh_add" reader="MTX3_NEW2" />
			<node name="f_sylph" reader="MTX_NEW2" />
			<node name="f_sylph_mesh_add" reader="MTX3_NEW2" />
			<node name="NPC" reader="MTX_NEW2" />
			<node name="NPC_add" reader="MTX3_NEW2" />
			<node name="attack_effect" reader="MAP_INT" />
			<node name="item_sound" reader="UCHAR" />
			<for name="item_sound" size="#item_sound">
				<node name="item_sound_txt" reader="MAP_INT" />
			</for>
			<node name="drop_sound" reader="MAP_INT" />
			<node name="equip_sound" reader="MAP_INT" />
			<node name="UNK_7" reader="UINT" />
			<node name="UNK_6" reader="UCHAR" />
			<node name="armor_type" reader="UCHAR" enumName="armor_type" />
			<node name="crystal_type" reader="UCHAR" enumName="grade_type" />
			<node name="mp_bonus" reader="SHORT" />
			<node name="hide_mask" reader="SHORT" />
			<node name="underwear_body_part1" reader="UCHAR" />
			<node name="underwear_body_part2" reader="UCHAR" />
			<node name="full_armor_enchant_effect_type" reader="UCHAR" />
			<wrapper name="ensoul_slot_count">
				<node name="normal_ensoul_count" reader="UCHAR" />
				<node name="special_ensoul_count" reader="UCHAR" />
			</wrapper>
		</for>
	</file>
	<file pattern="PathOfRogue" isSafePackage="true">
		<node name="data" reader="UINT" />
		<for name="item" size="#data" hidden="false">
			<node name="tag" reader="UCHAR" />
			<node name="object_id" reader="UINT" />
			<node name="drop_type" reader="UCHAR" />
			<node name="drop_anim_type" reader="UCHAR" />
			<node name="drop_radius" reader="UCHAR" />
			<node name="drop_height" reader="UCHAR" />
			<node name="drop_texture" reader="UINT" />
			<for name="drop_texture" size="#drop_texture">
				<node name="drop_mesh" reader="MAP_INT" />
				<node name="drop_texture2" reader="UINT" />
				<for name="drop_texture2" size="#drop_texture2">
					<node name="drop_tex1" reader="MAP_INT" />
				</for>
				<node name="drop_texture3" reader="MAP_INT" />
				<node name="drop_texture4" reader="MAP_INT" />
			</for>
			<wrapper name="icon">
				<node name="icon1" reader="MAP_INT" />
				<node name="icon2" reader="MAP_INT" />
				<node name="icon3" reader="MAP_INT" />
				<node name="icon4" reader="MAP_INT" />
				<node name="icon5" reader="MAP_INT" />
			</wrapper>
			<node name="durability" reader="SHORT" />
			<node name="weight" reader="SHORT" />
			<node name="material_type" reader="UCHAR" enumName="material_type" />
			<node name="crystallizable" reader="UCHAR" />
			<node name="related_quest_id" reader="UCHAR" />
			<for name="related_quest_id" size="#related_quest_id">
				<node name="quest_id" reader="SHORT" />
				<node name="quest_unk" reader="SHORT" />
			</for>
			<node name="color" reader="UCHAR" />
			<node name="is_attribution" reader="UCHAR" />
			<node name="icon_panel" reader="MAP_INT" />
			<node name="complete_item_dropsound_type" reader="MAP_INT" />
			<node name="inventory_type" reader="UCHAR" enumName="inventory_type" />
			<node name="body_part" reader="UCHAR" enumName="bodypart_v2_type" />
			<node name="m_HumnFigh" reader="MTX_NEW2" />
			<node name="m_HumnFigh_add" reader="MTX3_NEW2" />
			<node name="f_HumnFigh" reader="MTX_NEW2" />
			<node name="f_HumnFigh_add" reader="MTX3_NEW2" />
			<node name="m_DarkElf" reader="MTX_NEW2" />
			<node name="m_DarkElf_add" reader="MTX3_NEW2" />
			<node name="f_DarkElf" reader="MTX_NEW2" />
			<node name="f_DarkElf_add" reader="MTX3_NEW2" />
			<node name="m_Dorf" reader="MTX_NEW2" />
			<node name="m_Dorf_add" reader="MTX3_NEW2" />
			<node name="f_Dorf" reader="MTX_NEW2" />
			<node name="f_Dorf_add" reader="MTX3_NEW2" />
			<node name="m_Elf" reader="MTX_NEW2" />
			<node name="m_Elf_add" reader="MTX3_NEW2" />
			<node name="f_Elf" reader="MTX_NEW2" />
			<node name="f_Elf_add" reader="MTX3_NEW2" />
			<node name="m_HumnMyst" reader="MTX_NEW2" />
			<node name="m_HumnMyst_add" reader="MTX3_NEW2" />
			<node name="f_HumnMyst" reader="MTX_NEW2" />
			<node name="f_HumnMyst_add" reader="MTX3_NEW2" />
			<node name="m_OrcFigh" reader="MTX_NEW2" />
			<node name="m_OrcFigh_add" reader="MTX3_NEW2" />
			<node name="f_OrcFigh" reader="MTX_NEW2" />
			<node name="f_OrcFigh_add" reader="MTX3_NEW2" />
			<node name="m_OrcMage" reader="MTX_NEW2" />
			<node name="m_OrcMage_add" reader="MTX3_NEW2" />
			<node name="f_OrcMage" reader="MTX_NEW2" />
			<node name="f_OrcMage_add" reader="MTX3_NEW2" />
			<node name="m_Kamael" reader="MTX_NEW2" />
			<node name="m_Kamael_add" reader="MTX3_NEW2" />
			<node name="f_Kamael" reader="MTX_NEW2" />
			<node name="f_Kamael_add" reader="MTX3_NEW2" />
			<node name="m_ertheia" reader="MTX_NEW2" />
			<node name="m_ertheia_mesh_add" reader="MTX3_NEW2" />
			<node name="f_ertheia" reader="MTX_NEW2" />
			<node name="f_ertheia_mesh_add" reader="MTX3_NEW2" />
			<node name="m_sylph" reader="MTX_NEW2" />
			<node name="m_sylph_mesh_add" reader="MTX3_NEW2" />
			<node name="f_sylph" reader="MTX_NEW2" />
			<node name="f_sylph_mesh_add" reader="MTX3_NEW2" />
			<node name="m_High_Elf" reader="MTX_NEW2" />
			<node name="m_High_Elf_mesh_add" reader="MTX3_NEW2" />
			<node name="f_High_Elf" reader="MTX_NEW2" />
			<node name="f_High_Elf_mesh_add" reader="MTX3_NEW2" />
			<node name="NPC" reader="MTX_NEW2" />
			<node name="NPC_add" reader="MTX3_NEW2" />
			<node name="attack_effect" reader="MAP_INT" />
			<node name="item_sound" reader="UCHAR" />
			<for name="item_sound" size="#item_sound">
				<node name="item_sound_txt" reader="MAP_INT" />
			</for>
			<node name="drop_sound" reader="MAP_INT" />
			<node name="equip_sound" reader="MAP_INT" />
			<node name="UNK_7" reader="UINT" />
			<node name="UNK_6" reader="UCHAR" />
			<node name="armor_type" reader="UCHAR" enumName="armor_type" />
			<node name="crystal_type" reader="UCHAR" enumName="grade_type" />
			<node name="mp_bonus" reader="SHORT" />
			<node name="hide_mask" reader="SHORT" />
			<node name="underwear_body_part1" reader="UCHAR" />
			<node name="underwear_body_part2" reader="UCHAR" />
			<node name="full_armor_enchant_effect_type" reader="UCHAR" />
			<wrapper name="ensoul_slot_count">
				<node name="normal_ensoul_count" reader="UCHAR" />
				<node name="special_ensoul_count" reader="UCHAR" />
			</wrapper>
		</for>
	</file>
	<file pattern="SamuraiCrow" isSafePackage="true">
		<node name="data" reader="UINT" />
		<for name="item" size="#data" hidden="false">
			<node name="tag" reader="UCHAR" />
			<node name="object_id" reader="UINT" />
			<node name="drop_type" reader="UCHAR" />
			<node name="drop_anim_type" reader="UCHAR" />
			<node name="drop_radius" reader="UCHAR" />
			<node name="drop_height" reader="UCHAR" />
			<node name="drop_texture" reader="UINT" />
			<for name="drop_texture" size="#drop_texture">
				<node name="drop_mesh" reader="MAP_INT" />
				<node name="drop_texture2" reader="UINT" />
				<for name="drop_texture2" size="#drop_texture2">
					<node name="drop_tex1" reader="MAP_INT" />
				</for>
				<node name="drop_texture3" reader="MAP_INT" />
				<node name="drop_texture4" reader="MAP_INT" />
			</for>
			<wrapper name="icon">
				<node name="icon1" reader="MAP_INT" />
				<node name="icon2" reader="MAP_INT" />
				<node name="icon3" reader="MAP_INT" />
				<node name="icon4" reader="MAP_INT" />
				<node name="icon5" reader="MAP_INT" />
			</wrapper>
			<node name="durability" reader="SHORT" />
			<node name="weight" reader="SHORT" />
			<node name="material_type" reader="UCHAR" enumName="material_type" />
			<node name="crystallizable" reader="UCHAR" />
			<node name="related_quest_id" reader="UCHAR" />
			<for name="related_quest_id" size="#related_quest_id">
				<node name="quest_id" reader="SHORT" />
				<node name="quest_unk" reader="SHORT" />
			</for>
			<node name="color" reader="UCHAR" />
			<node name="is_attribution" reader="UCHAR" />
			<node name="icon_panel" reader="MAP_INT" />
			<node name="complete_item_dropsound_type" reader="MAP_INT" />
			<node name="inventory_type" reader="UCHAR" enumName="inventory_type" />
			<node name="body_part" reader="UCHAR" enumName="bodypart_v2_type" />
			<node name="m_HumnFigh" reader="MTX_NEW2" />
			<node name="m_HumnFigh_add" reader="MTX3_NEW2" />
			<node name="f_HumnFigh" reader="MTX_NEW2" />
			<node name="f_HumnFigh_add" reader="MTX3_NEW2" />
			<node name="m_DarkElf" reader="MTX_NEW2" />
			<node name="m_DarkElf_add" reader="MTX3_NEW2" />
			<node name="f_DarkElf" reader="MTX_NEW2" />
			<node name="f_DarkElf_add" reader="MTX3_NEW2" />
			<node name="m_Dorf" reader="MTX_NEW2" />
			<node name="m_Dorf_add" reader="MTX3_NEW2" />
			<node name="f_Dorf" reader="MTX_NEW2" />
			<node name="f_Dorf_add" reader="MTX3_NEW2" />
			<node name="m_Elf" reader="MTX_NEW2" />
			<node name="m_Elf_add" reader="MTX3_NEW2" />
			<node name="f_Elf" reader="MTX_NEW2" />
			<node name="f_Elf_add" reader="MTX3_NEW2" />
			<node name="m_HumnMyst" reader="MTX_NEW2" />
			<node name="m_HumnMyst_add" reader="MTX3_NEW2" />
			<node name="f_HumnMyst" reader="MTX_NEW2" />
			<node name="f_HumnMyst_add" reader="MTX3_NEW2" />
			<node name="m_OrcFigh" reader="MTX_NEW2" />
			<node name="m_OrcFigh_add" reader="MTX3_NEW2" />
			<node name="f_OrcFigh" reader="MTX_NEW2" />
			<node name="f_OrcFigh_add" reader="MTX3_NEW2" />
			<node name="m_OrcMage" reader="MTX_NEW2" />
			<node name="m_OrcMage_add" reader="MTX3_NEW2" />
			<node name="f_OrcMage" reader="MTX_NEW2" />
			<node name="f_OrcMage_add" reader="MTX3_NEW2" />
			<node name="m_Kamael" reader="MTX_NEW2" />
			<node name="m_Kamael_add" reader="MTX3_NEW2" />
			<node name="f_Kamael" reader="MTX_NEW2" />
			<node name="f_Kamael_add" reader="MTX3_NEW2" />
			<node name="m_ertheia" reader="MTX_NEW2" />
			<node name="m_ertheia_mesh_add" reader="MTX3_NEW2" />
			<node name="f_ertheia" reader="MTX_NEW2" />
			<node name="f_ertheia_mesh_add" reader="MTX3_NEW2" />
			<node name="m_sylph" reader="MTX_NEW2" />
			<node name="m_sylph_mesh_add" reader="MTX3_NEW2" />
			<node name="f_sylph" reader="MTX_NEW2" />
			<node name="f_sylph_mesh_add" reader="MTX3_NEW2" />
			<node name="m_High_Elf" reader="MTX_NEW2" />
			<node name="m_High_Elf_mesh_add" reader="MTX3_NEW2" />
			<node name="f_High_Elf" reader="MTX_NEW2" />
			<node name="f_High_Elf_mesh_add" reader="MTX3_NEW2" />
			<node name="m_Samurai" reader="MTX_NEW2" />
			<node name="m_Samurai_mesh_add" reader="MTX3_NEW2" />
			<node name="NPC" reader="MTX_NEW2" />
			<node name="NPC_add" reader="MTX3_NEW2" />
			<node name="attack_effect" reader="MAP_INT" />
			<node name="item_sound" reader="UCHAR" />
			<for name="item_sound" size="#item_sound">
				<node name="item_sound_txt" reader="MAP_INT" />
			</for>
			<node name="drop_sound" reader="MAP_INT" />
			<node name="equip_sound" reader="MAP_INT" />
			<node name="UNK_7" reader="UINT" />
			<node name="UNK_6" reader="UCHAR" />
			<node name="armor_type" reader="UCHAR" enumName="armor_type" />
			<node name="crystal_type" reader="UCHAR" enumName="grade_type" />
			<node name="mp_bonus" reader="SHORT" />
			<node name="hide_mask" reader="SHORT" />
			<node name="underwear_body_part1" reader="UCHAR" />
			<node name="underwear_body_part2" reader="UCHAR" />
			<node name="full_armor_enchant_effect_type" reader="UCHAR" />
			<wrapper name="ensoul_slot_count">
				<node name="normal_ensoul_count" reader="UCHAR" />
				<node name="special_ensoul_count" reader="UCHAR" />
			</wrapper>
		</for>
	</file>
</list>