<?xml version="1.0" encoding="UTF-8"?>
<list>
	<file pattern="ScionsOfDestiny" isSafePackage="true">
		<node name="data" reader="UINT" />
		<for name="castle_name" size="#data" hidden="false">
			<node name="namber" reader="UINT" />
			<node name="tag" reader="UINT" />
			<node name="id" reader="UINT" />
			<node name="name" reader="ASCF" />
			<node name="loc" reader="ASCF" />
			<node name="desc" reader="ASCF" />
		</for>
	</file>
	<file pattern="Epilogue" isSafePackage="true">
		<node name="data" reader="UINT" />
		<for name="castle_name" size="#data" hidden="false">
			<node name="namber" reader="UINT" />
			<node name="tag" reader="UINT" />
			<node name="id" reader="UINT" />
			<node name="name" reader="ASCF" />
			<node name="loc" reader="ASCF" />
			<node name="desc" reader="ASCF" />
			<node name="mark" reader="ASCF" />
			<node name="markgray" reader="ASCF" />
			<node name="flagicon" reader="ASCF" />
			<node name="mercname" reader="ASCF" />
		</for>
	</file>
	<file pattern="Helios" isSafePackage="true">
		<node name="data" reader="UINT" />
		<for name="castle_name" size="#data" hidden="false">
			<node name="namber" reader="UINT" />
			<node name="tag" reader="UINT" />
			<node name="id" reader="UINT" />
			<node name="name" reader="ASCF" />
			<node name="loc" reader="ASCF" />
			<node name="desc" reader="ASCF" />
			<node name="mark" reader="MAP_INT" />
			<node name="markgray" reader="MAP_INT" />
			<node name="flagicon" reader="MAP_INT" />
			<node name="mercname" reader="ASCF" />
		</for>
	</file>
	<file pattern="GrandCrusade" isSafePackage="true">
		<node name="data" reader="UINT" />
		<for name="castle_name" size="#data" hidden="false">
			<node name="namber" reader="UINT" />
			<node name="tag" reader="UINT" />
			<node name="id" reader="UINT" />
			<node name="name" reader="ASCF" />
			<node name="loc" reader="ASCF" />
			<node name="desc" reader="ASCF" />
			<node name="mark" reader="MAP_INT" />
			<node name="markgray" reader="MAP_INT" />
			<node name="flagicon" reader="MAP_INT" />
			<node name="mercname" reader="ASCF" />
			<node name="regionid" reader="USHORT" />
		</for>
	</file>
</list>
