<?xml version="1.0" encoding="UTF-8"?>
<list>
	<file pattern="SamuraiCrow" isSafePackage="true">
	    <node name="total_entries" reader="UINT" />
	    <for name="entry" size="#total_entries" hidden="false">
	        <node name="class_id" reader="UINT" />
	        <node name="item_count" reader="UCHAR" />
	        <for name="item_list" size="#item_count">
	            <node name="item_id" reader="UINT" />
	        </for>
	        <node name="icon_id" reader="UINT" />
	        <node name="unk1" reader="UINT" />
	    </for>
	</file>
</list>
