<?xml version="1.0" encoding="UTF-8"?>
<list>
	<file pattern="ReturnOfTheQueenAnt" isSafePackage="true">
		<for name="collectionmain" size="1" hidden="false">
			<node name="data" reader="UINT" />
			<write name="\r\n" />
			<for name="collection" size="7" hidden="false">
				<node name="main_id" reader="UINT" />
				<node name="background_level" reader="UINT" />
				<node name="category" reader="UINT" />
				<node name="collection_id" reader="UINT" />
				<node name="key_item_id" reader="UINT" />
				<node name="key_effect" reader="UINT" />
			</for>
		</for>
	</file>
	<file pattern="ReturnOfTheQueenAnt2" isSafePackage="true">
		<for name="collectionmain" size="1" hidden="false">
			<node name="data" reader="UINT" />
			<write name="\r\n" />
			<for name="collection" size="18" hidden="false">
				<node name="main_id" reader="UINT" />
				<node name="background_level" reader="UINT" />
				<node name="category" reader="UINT" />
				<node name="collection_id" reader="UINT" />
				<node name="key_item_id" reader="UINT" />
				<node name="key_effect" reader="UINT" />
			</for>
		</for>
	</file>
	<file pattern="MasterClass" isSafePackage="true">
		<for name="collectionmain" size="1" hidden="false">
			<node name="data" reader="UINT" />
			<write name="\r\n" />
			<for name="collection" size="9" hidden="false">
				<node name="main_id" reader="UINT" />
				<node name="background_level" reader="UINT" />
				<node name="category" reader="UINT" />
				<node name="collection_id" reader="UINT" />
				<node name="key_item_id" reader="UINT" />
				<node name="key_effect" reader="UINT" />
			</for>
		</for>
	</file>
	<file pattern="BattleChronicle" isSafePackage="true">
		<for name="collectionmain" size="1" hidden="false">
			<node name="data" reader="UINT" />
			<write name="\r\n" />
			<for name="collection" size="18" hidden="false">
				<node name="main_id" reader="UINT" />
				<node name="background_level" reader="UINT" />
				<node name="category" reader="UINT" />
				<node name="collection_id" reader="UINT" />
				<node name="key_item_id" reader="UINT" />
				<node name="key_effect" reader="UINT" />
			</for>
		</for>
	</file>
	<file pattern="AgeOfMagic" isSafePackage="true">
		<for name="collectionmain" size="1" hidden="false">
			<node name="data" reader="UINT" />
			<write name="\r\n" />
			<for name="collection" size="#data" hidden="false">
				<node name="main_id" reader="UINT" />
				<node name="background_level" reader="UINT" />
				<node name="category" reader="UINT" />
				<node name="collection_id" reader="UINT" />
				<node name="key_item_id" reader="UINT" />
				<node name="key_effect" reader="UINT" />
			</for>
		</for>
	</file>
	<file pattern="SamuraiCrow_TEST" isSafePackage="true">
	    <for name="collectionmain" size="1" hidden="false">
	        <node name="data" reader="UINT" />
	        <write name="\r\n" />
	        <for name="collection" size="#data" hidden="false">
	            <node name="main_id" reader="UINT" />
	            <node name="background_level" reader="UINT" />
	            <node name="category" reader="UINT" />
	            <node name="collection_id" reader="UINT" />
	            <node name="key_item_id" reader="UINT" />
	            <node name="key_effect" reader="UINT" />
	            <node name="unk" reader="UCHAR" /> 
   	            <node name="server_group_id" reader="UINT" />
	        </for>
	    </for>
	</file>
    <file pattern="SamuraiCrow" isSafePackage="true">
        <node name="collectionmain" reader="UINT"/>
        <for name="collectionmain" hidden="false">
            <node name="main_id" reader="UINT"/>
            <node name="background_level" reader="UINT"/>
            <node name="category" reader="UINT"/>
            <node name="collection_id" reader="UINT"/>
            <node name="key_item_id" reader="UINT"/>
            <node name="key_effect" reader="UINT"/>
            <node name="show_servers" reader="UBYTE"/>
            <for name="show_server" size="#show_servers" hidden="true">
                <node name="server_id" reader="UINT"/>
            </for>
        </for>
    </file>
</list>
