<?xml version="1.0" encoding="UTF-8"?>
<list>
	<file pattern="ScionsOfDestiny" isSafePackage="true">
		<node name="data" reader="UINT" />
		<for name="credit" size="#data" hidden="false">
			<node name="id" reader="UINT" />
			<node name="html" reader="ASCF" />
			<node name="image" reader="ASCF" />
			<node name="time" reader="UINT" />
			<node name="align" reader="UINT" />
		</for>
	</file>
	<file pattern="Awakening" isRaw="true" isSafePackage="true">
		<node name="text" reader="ASCF" />
	</file>
	<file pattern="PreludeOfWar3" isSafePackage="true">
		<node name="data" reader="CNTR" />
		<for name="department" size="#data" hidden="false">
			<write name="\r\n" />
			<node name="team" reader="CNTR" />
			<for name="team" size="#team" hidden="false">
				<node name="members" reader="CNTR" />
				<for name="members" size="#members">
					<node name="name" reader="ASCF" />
					<node name="comment" reader="ASCF" />
				</for>
				<node name="t_position" reader="ASCF" />
				<node name="t_сomment" reader="ASCF" />
			</for>
			<node name="d_name" reader="ASCF" />
			<node name="d_comment" reader="ASCF" />
			<write name="\r\n" />
		</for>
	</file>
</list>
