<?xml version="1.0" encoding="UTF-8"?>
<list>
	<file pattern="Ertheia" isSafePackage="true">
		<node name="data" reader="UINT" />
		<for name="enchanted_effect" size="#data" hidden="false">
			<node name="group_name" reader="UINT" />
			<node name="group" reader="UINT" />
			<for name="group" size="#group">
				<node name="start_enchanted_value" reader="UINT" />
				<node name="right_main_flow_effect" reader="UNICODE" />
				<node name="left_main_flow_effect" reader="UNICODE" />
				<node name="right_variation_flow_effect" reader="UNICODE" />
				<node name="left_variation_flow_effect" reader="UNICODE" />
			</for>
		</for>
	</file>
	<file pattern="Helios" isSafePackage="true">
		<node name="data" reader="UINT" />
		<for name="enchanted_effect" size="#data" hidden="false">
			<node name="group_name" reader="UINT" />
			<node name="group" reader="UINT" />
			<for name="group" size="#group">
				<node name="start_enchanted_value" reader="UINT" />
				<node name="right_main_flow_effect" reader="MAP_INT" />
				<node name="left_main_flow_effect" reader="MAP_INT" />
				<node name="right_variation_flow_effect" reader="MAP_INT" />
				<node name="left_variation_flow_effect" reader="MAP_INT" />
			</for>
		</for>
	</file>
	<file pattern="PreludeOfWar2" isSafePackage="true">
		<node name="data" reader="UINT" />
		<for name="enchanted_effect" size="#data" hidden="false">
			<node name="group_name" reader="UINT" />
			<node name="group" reader="UINT" />
			<for name="group" size="#group">
				<node name="start_enchanted_value" reader="UINT" />
				<node name="right_main_flow_effect" reader="MAP_INT" />
				<node name="left_main_flow_effect" reader="MAP_INT" />
				<node name="right_variation_flow_effect" reader="MAP_INT" />
				<node name="left_variation_flow_effect" reader="MAP_INT" />
				<node name="right_hero_flow_effect" reader="MAP_INT" />
				<node name="left_hero_flow_effect" reader="MAP_INT" />
			</for>
		</for>
	</file>
	<file pattern="Homunculus" isSafePackage="true">
		<node name="data" reader="UINT" />
		<for name="enchanted_effect" size="#data" hidden="false">
			<node name="group_id" reader="UINT" />
			<node name="group_name" reader="ASCF" />
			<node name="group" reader="UINT" />
			<for name="group" size="#group">
				<node name="start_enchanted_value" reader="UINT" />
				<node name="right_main_flow_effect" reader="MAP_INT" />
				<node name="left_main_flow_effect" reader="MAP_INT" />
				<node name="right_variation_flow_effect" reader="MAP_INT" />
				<node name="left_variation_flow_effect" reader="MAP_INT" />
				<node name="right_hero_flow_effect" reader="MAP_INT" />
				<node name="left_hero_flow_effect" reader="MAP_INT" />
			</for>
		</for>
	</file>
	<file pattern="ShieldOfKingdom" isSafePackage="true">
		<node name="data" reader="UINT" />
		<for name="enchanted_effect" size="#data" hidden="false">
			<node name="group_id" reader="UINT" />
			<node name="group_name" reader="ASCF" />
			<node name="group" reader="UINT" />
			<for name="group" size="#group">
				<node name="start_enchanted_value" reader="UINT" />
				<node name="right_main_flow_effect" reader="MAP_INT" />
				<node name="left_main_flow_effect" reader="MAP_INT" />
				<node name="right_variation_flow_effect" reader="MAP_INT" />
				<node name="left_variation_flow_effect" reader="MAP_INT" />
			</for>
		</for>
	</file>
</list>
