<?xml version="1.0" encoding="UTF-8"?>
<list>
	<file pattern="ScionsOfDestiny" isSafePackage="true">
		<node name="data" reader="UINT" />
		<for name="enterevent" size="#data" hidden="false">
			<node name="id" reader="UINT" />
			<node name="tag" reader="UCHAR" />
			<node name="sound_name" reader="ASCF" />
			<node name="sound_vol" reader="FLOAT" />
			<node name="sound_rad" reader="FLOAT" />
			<node name="isrise" reader="UINT" />
			<node name="spawn_type" reader="UINT" />
			<node name="effect_name" reader="UNICODE" />
			<node name="anim_name" reader="UNICODE" />
		</for>
	</file>
	<file pattern="Helios" isSafePackage="true">
		<node name="data" reader="UINT" />
		<for name="enterevent" size="#data" hidden="false">
			<node name="id" reader="UINT" />
			<node name="sound_name" reader="MAP_INT" />
			<node name="sound_vol" reader="FLOAT" />
			<node name="sound_rad" reader="FLOAT" />
			<node name="isrise" reader="UINT" />
			<node name="spawn_type" reader="UINT" />
			<node name="effect_name" reader="MAP_INT" />
			<node name="anim_name" reader="MAP_INT" />
		</for>
	</file>
	<file pattern="Superion" isSafePackage="true">
		<node name="data" reader="UINT" />
		<for name="enterevent" size="#data" hidden="false">
			<node name="id" reader="UINT" />
			<node name="sound_name" reader="MAP_INT" />
			<node name="sound_vol" reader="FLOAT" />
			<node name="sound_rad" reader="FLOAT" />
			<node name="isrise" reader="UINT" />
			<node name="spawn_type" reader="UINT" />
			<node name="unk_1" reader="UINT" />
			<node name="unk_2" reader="USHORT" />
			<node name="unk_3" reader="USHORT" />
			<node name="effect_name" reader="MAP_INT" />
			<node name="anim_name" reader="MAP_INT" />
		</for>
	</file>
</list>
