<?xml version="1.0" encoding="UTF-8"?>
<list>
	<file pattern="ScionsOfDestiny" isSafePackage="true">
		<for name="eula" size="1" hidden="false">
			<node name="eula" reader="ASCF" />
			<node name="end_tag" reader="ASCF" />
		</for>
	</file>
	<file pattern="Interlude" isSafePackage="true">
		<for name="eula" size="1" hidden="false">
			<node name="eula" reader="ASCF" />
			<node name="eulaRGB_TESTserver" reader="ASCF" />
			<node name="eulachinaspecialmessage" reader="ASCF" />
			<node name="eulachinapkagreement" reader="ASCF" />
		</for>
	</file>
</list>
