<?xml version="1.0" encoding="UTF-8"?>
<list>
	<file pattern="Lindvior" isSafePackage="true">
		<node name="data" reader="UINT" />
		<for name="faceEx_Name" size="#data" hidden="false">
			<node name="id" reader="UINT" />
			<node name="class_name" reader="UINT" />
			<node name="face_name" reader="UNICODE" />
			<node name="Description" reader="ASCF" />
		</for>
	</file>
	<file pattern="Helios" isSafePackage="true">
		<node name="data" reader="UINT" />
		<for name="faceEx_Name" size="#data" hidden="false">
			<node name="id" reader="UINT" />
			<node name="class_name" reader="UINT" />
			<node name="face_name" reader="MAP_INT" />
			<node name="Description" reader="ASCF" />
		</for>
	</file>
</list>
