<?xml version="1.0" encoding="UTF-8"?>
<list>
	<file pattern="ScionsOfDestiny" isSafePackage="true">
		<node name="data" reader="UINT" />
		<for name="hairaccessory" size="#data" hidden="false">
			<node name="mesh_name" reader="UNICODE" />
			<node name="X0" reader="FLOAT" />
			<node name="Y0" reader="FLOAT" />
			<node name="Z0" reader="FLOAT" />
			<node name="Pitch0" reader="UINT" />
			<node name="Yaw0" reader="UINT" />
			<node name="Roll0" reader="UINT" />
			<node name="X1" reader="FLOAT" />
			<node name="Y1" reader="FLOAT" />
			<node name="Z1" reader="FLOAT" />
			<node name="Pitch1" reader="UINT" />
			<node name="Yaw1" reader="UINT" />
			<node name="Roll1" reader="UINT" />
			<node name="X2" reader="FLOAT" />
			<node name="Y2" reader="FLOAT" />
			<node name="Z2" reader="FLOAT" />
			<node name="Pitch2" reader="UINT" />
			<node name="Yaw2" reader="UINT" />
			<node name="Roll2" reader="UINT" />
			<node name="X3" reader="FLOAT" />
			<node name="Y3" reader="FLOAT" />
			<node name="Z3" reader="FLOAT" />
			<node name="Pitch3" reader="UINT" />
			<node name="Yaw3" reader="UINT" />
			<node name="Roll3" reader="UINT" />
			<node name="X4" reader="FLOAT" />
			<node name="Y4" reader="FLOAT" />
			<node name="Z4" reader="FLOAT" />
			<node name="Pitch4" reader="UINT" />
			<node name="Yaw4" reader="UINT" />
			<node name="Roll4" reader="UINT" />
			<node name="X5" reader="FLOAT" />
			<node name="Y5" reader="FLOAT" />
			<node name="Z5" reader="FLOAT" />
			<node name="Pitch5" reader="UINT" />
			<node name="Yaw5" reader="UINT" />
			<node name="Roll5" reader="UINT" />
			<node name="X6" reader="FLOAT" />
			<node name="Y6" reader="FLOAT" />
			<node name="Z6" reader="FLOAT" />
			<node name="Pitch6" reader="UINT" />
			<node name="Yaw6" reader="UINT" />
			<node name="Roll6" reader="UINT" />
			<node name="X7" reader="FLOAT" />
			<node name="Y7" reader="FLOAT" />
			<node name="Z7" reader="FLOAT" />
			<node name="Pitch7" reader="UINT" />
			<node name="Yaw7" reader="UINT" />
			<node name="Roll7" reader="UINT" />
			<node name="X8" reader="FLOAT" />
			<node name="Y8" reader="FLOAT" />
			<node name="Z8" reader="FLOAT" />
			<node name="Pitch8" reader="UINT" />
			<node name="Yaw8" reader="UINT" />
			<node name="Roll8" reader="UINT" />
			<node name="X9" reader="FLOAT" />
			<node name="Y9" reader="FLOAT" />
			<node name="Z9" reader="FLOAT" />
			<node name="Pitch9" reader="UINT" />
			<node name="Yaw9" reader="UINT" />
			<node name="Roll9" reader="UINT" />
			<node name="X10" reader="FLOAT" />
			<node name="Y10" reader="FLOAT" />
			<node name="Z10" reader="FLOAT" />
			<node name="Pitch10" reader="UINT" />
			<node name="Yaw10" reader="UINT" />
			<node name="Roll10" reader="UINT" />
			<node name="X11" reader="FLOAT" />
			<node name="Y11" reader="FLOAT" />
			<node name="Z11" reader="FLOAT" />
			<node name="Pitch11" reader="UINT" />
			<node name="Yaw11" reader="UINT" />
			<node name="Roll11" reader="UINT" />
			<node name="X12" reader="FLOAT" />
			<node name="Y12" reader="FLOAT" />
			<node name="Z12" reader="FLOAT" />
			<node name="Pitch12" reader="UINT" />
			<node name="Yaw12" reader="UINT" />
			<node name="Roll12" reader="UINT" />
			<node name="X13" reader="FLOAT" />
			<node name="Y13" reader="FLOAT" />
			<node name="Z13" reader="FLOAT" />
			<node name="Pitch13" reader="UINT" />
			<node name="Yaw13" reader="UINT" />
			<node name="Roll13" reader="UINT" />
			<node name="X14" reader="FLOAT" />
			<node name="Y14" reader="FLOAT" />
			<node name="Z14" reader="FLOAT" />
			<node name="Pitch14" reader="UINT" />
			<node name="Yaw14" reader="UINT" />
			<node name="Roll14" reader="UINT" />
		</for>
	</file>
	<file pattern="Helios" isSafePackage="true">
		<node name="data" reader="UINT" />
		<for name="hairaccessory" size="#data" hidden="false">
			<node name="mesh_name" reader="MAP_INT" />
			<node name="X0" reader="FLOAT" />
			<node name="Y0" reader="FLOAT" />
			<node name="Z0" reader="FLOAT" />
			<node name="Pitch0" reader="UINT" />
			<node name="Yaw0" reader="UINT" />
			<node name="Roll0" reader="UINT" />
			<node name="X1" reader="FLOAT" />
			<node name="Y1" reader="FLOAT" />
			<node name="Z1" reader="FLOAT" />
			<node name="Pitch1" reader="UINT" />
			<node name="Yaw1" reader="UINT" />
			<node name="Roll1" reader="UINT" />
			<node name="X2" reader="FLOAT" />
			<node name="Y2" reader="FLOAT" />
			<node name="Z2" reader="FLOAT" />
			<node name="Pitch2" reader="UINT" />
			<node name="Yaw2" reader="UINT" />
			<node name="Roll2" reader="UINT" />
			<node name="X3" reader="FLOAT" />
			<node name="Y3" reader="FLOAT" />
			<node name="Z3" reader="FLOAT" />
			<node name="Pitch3" reader="UINT" />
			<node name="Yaw3" reader="UINT" />
			<node name="Roll3" reader="UINT" />
			<node name="X4" reader="FLOAT" />
			<node name="Y4" reader="FLOAT" />
			<node name="Z4" reader="FLOAT" />
			<node name="Pitch4" reader="UINT" />
			<node name="Yaw4" reader="UINT" />
			<node name="Roll4" reader="UINT" />
			<node name="X5" reader="FLOAT" />
			<node name="Y5" reader="FLOAT" />
			<node name="Z5" reader="FLOAT" />
			<node name="Pitch5" reader="UINT" />
			<node name="Yaw5" reader="UINT" />
			<node name="Roll5" reader="UINT" />
			<node name="X6" reader="FLOAT" />
			<node name="Y6" reader="FLOAT" />
			<node name="Z6" reader="FLOAT" />
			<node name="Pitch6" reader="UINT" />
			<node name="Yaw6" reader="UINT" />
			<node name="Roll6" reader="UINT" />
			<node name="X7" reader="FLOAT" />
			<node name="Y7" reader="FLOAT" />
			<node name="Z7" reader="FLOAT" />
			<node name="Pitch7" reader="UINT" />
			<node name="Yaw7" reader="UINT" />
			<node name="Roll7" reader="UINT" />
			<node name="X8" reader="FLOAT" />
			<node name="Y8" reader="FLOAT" />
			<node name="Z8" reader="FLOAT" />
			<node name="Pitch8" reader="UINT" />
			<node name="Yaw8" reader="UINT" />
			<node name="Roll8" reader="UINT" />
			<node name="X9" reader="FLOAT" />
			<node name="Y9" reader="FLOAT" />
			<node name="Z9" reader="FLOAT" />
			<node name="Pitch9" reader="UINT" />
			<node name="Yaw9" reader="UINT" />
			<node name="Roll9" reader="UINT" />
			<node name="X10" reader="FLOAT" />
			<node name="Y10" reader="FLOAT" />
			<node name="Z10" reader="FLOAT" />
			<node name="Pitch10" reader="UINT" />
			<node name="Yaw10" reader="UINT" />
			<node name="Roll10" reader="UINT" />
			<node name="X11" reader="FLOAT" />
			<node name="Y11" reader="FLOAT" />
			<node name="Z11" reader="FLOAT" />
			<node name="Pitch11" reader="UINT" />
			<node name="Yaw11" reader="UINT" />
			<node name="Roll11" reader="UINT" />
			<node name="X12" reader="FLOAT" />
			<node name="Y12" reader="FLOAT" />
			<node name="Z12" reader="FLOAT" />
			<node name="Pitch12" reader="UINT" />
			<node name="Yaw12" reader="UINT" />
			<node name="Roll12" reader="UINT" />
			<node name="X13" reader="FLOAT" />
			<node name="Y13" reader="FLOAT" />
			<node name="Z13" reader="FLOAT" />
			<node name="Pitch13" reader="UINT" />
			<node name="Yaw13" reader="UINT" />
			<node name="Roll13" reader="UINT" />
			<node name="X14" reader="FLOAT" />
			<node name="Y14" reader="FLOAT" />
			<node name="Z14" reader="FLOAT" />
			<node name="Pitch14" reader="UINT" />
			<node name="Yaw14" reader="UINT" />
			<node name="Roll14" reader="UINT" />
		</for>
	</file>
</list>
