<?xml version="1.0" encoding="UTF-8"?>
<list>
	<file pattern="ScionsOfDestiny" isSafePackage="true">
		<node name="data" reader="UINT" />
		<for name="item_name" size="#data" hidden="false">
			<node name="id" reader="UINT" />
			<node name="name" reader="UNICODE" />
			<node name="additionalname" reader="UNICODE" />
			<node name="description" reader="ASCF" />
			<node name="popup" reader="INT" />
		</for>
	</file>

	<file pattern="Interlude" isSafePackage="true">
		<node name="data" reader="UINT" />
		<for name="item_name" size="#data" hidden="false">
			<node name="id" reader="UINT" />
			<node name="name" reader="UNICODE" />
			<node name="additionalname" reader="UNICODE" />
			<node name="description" reader="ASCF" />
			<node name="popup" reader="INT" />
			<node name="set_ids" reader="ASCF" />
			<node name="set_bonus_desc" reader="ASCF" />
			<node name="set_extra_id" reader="ASCF" />
			<node name="set_extra_desc" reader="ASCF" />
			<node name="unknown_1" reader="UBYTE" />
			<node name="unknown_2" reader="UBYTE" />
			<node name="set_enchant_count" reader="UINT" />
			<node name="set_enchant_effect" reader="ASCF" />
		</for>
	</file>

	<file pattern="Epilogue" isSafePackage="true">
		<node name="data" reader="UINT" />
		<for name="item_name" size="#data" hidden="false">
			<node name="id" reader="UINT" />
			<node name="name" reader="UNICODE" />
			<node name="additionalname" reader="UNICODE" />
			<node name="description" reader="ASCF" />
			<node name="popup" reader="INT" />
			<node name="supercnt0" reader="UINT" />
			<node name="cnt0" reader="UINT" />
			<for name="cnt0" size="#cnt0">
				<node name="set_ids" reader="UNICODE" />
			</for>
			<node name="set_bonus_desc" reader="ASCF" />

			<node name="supercnt1" reader="UINT" />
			<node name="cnt1" reader="UINT" />
			<for name="cnt1" size="#cnt1">
				<node name="set_extra_ids" reader="UNICODE" />
			</for>
			<node name="set_extra_desc" reader="ASCF" />
			<wrapper name="unk">
				<node name="unk1" reader="HEX" />
				<node name="unk2" reader="HEX" />
				<node name="unk3" reader="HEX" />
				<node name="unk4" reader="HEX" />
				<node name="unk5" reader="HEX" />
				<node name="unk6" reader="HEX" />
				<node name="unk7" reader="HEX" />
				<node name="unk8" reader="HEX" />
				<node name="unk9" reader="HEX" />
			</wrapper>
			<node name="set_enchant_count" reader="UINT" />
			<node name="set_enchant_effect" reader="ASCF" />
			<node name="color" reader="UINT" />
		</for>
	</file>

	<file pattern="HighFive" isSafePackage="true">
		<node name="data" reader="UINT" />
		<for name="item_name" size="#data" hidden="false">
			<node name="id" reader="UINT" />
			<node name="name" reader="UNICODE" />
			<node name="additionalname" reader="UNICODE" />
			<node name="description" reader="ASCF" />
			<node name="popup" reader="INT" />
			<node name="supercnt0" reader="UINT" />
			<node name="setid_1" reader="UINT" />
			<for name="setid_1" size="#setid_1">
				<node name="seteffect_1" reader="UNICODE" />
			</for>
			<node name="set_bonus_desc" reader="ASCF" />
			<node name="supercnt1" reader="UINT" />
			<node name="set_extra_id" reader="UINT" />
			<for name="set_extra_id" size="#set_extra_id">
				<node name="seteffect_2_sub2" reader="UNICODE" />
			</for>
			<node name="set_extra_desc" reader="ASCF" />
			<for name="unknown" size="9">
				<node name="unknown_1" reader="UBYTE" />
			</for>
			<node name="special_enchant_amount" reader="UINT" />
			<node name="special_enchant_desc" reader="ASCF" />
			<node name="color" reader="UINT" />
		</for>
	</file>

	<file pattern="Awakening" isSafePackage="true">
		<node name="data" reader="UINT" />
		<for name="item_name" size="#data" hidden="false">
			<node name="id" reader="UINT" />
			<node name="name" reader="UNICODE" />
			<node name="additionalname" reader="UNICODE" />
			<node name="description" reader="ASCF" />
			<node name="popup" reader="INT" />
			<node name="name_class" reader="UINT" />
			<for name="name_class" size="#name_class">
				<node name="name_class_sub" reader="UINT" />
				<for name="name_class_sub" size="#name_class_sub">
					<node name="name_class_sub2" reader="UINT" />
				</for>
			</for>
			<node name="setid_1" reader="UINT" />
			<for name="setid_1" size="#setid_1">
				<node name="seteffect_1" reader="ASCF" />
			</for>
			<node name="setid_2" reader="UINT" />
			<for name="setid_2" size="#setid_2">
				<node name="seteffect_2_sub" reader="UINT" />
				<for name="seteffect_2_sub" size="#seteffect_2_sub">
					<node name="seteffect_2_sub2" reader="UINT" />
				</for>
			</for>
			<node name="setid_3" reader="UINT" />
			<for name="setid_3" size="#setid_3">
				<node name="seteffect_3" reader="ASCF" />
			</for>
			<node name="unknown_1" reader="UINT" />
			<node name="unknown_2" reader="UINT" />
			<node name="set_enchant_count" reader="UINT" />
			<node name="set_enchant_effect" reader="ASCF" />
			<node name="color" reader="UINT" />
		</for>
	</file>

	<file pattern="Valiance" isSafePackage="true">
		<node name="data" reader="UINT" />
		<for name="item_name" size="#data" hidden="false">
			<node name="id" reader="UINT" />
			<node name="name" reader="UNICODE" />
			<node name="additionalname" reader="UNICODE" />
			<node name="description" reader="ASCF" />
			<node name="popup" reader="INT" />
			<node name="name_class" reader="UINT" />
			<node name="color" reader="UINT" />
			<node name="Tooltip_Texture" reader="UNICODE" />
		</for>
	</file>

	<file pattern="Ertheia" isSafePackage="true">
		<node name="data" reader="UINT" />
		<for name="item_name" size="#data" hidden="false">
			<node name="id" reader="UINT" />
			<node name="name" reader="UNICODE" />
			<node name="additionalname" reader="ASCF" />
			<node name="description" reader="ASCF" />
			<node name="popup" reader="INT" />
			<node name="name_class" reader="UINT" />
			<node name="color" reader="UINT" />
			<node name="Tooltip_Texture" reader="UNICODE" />
			<node name="is_trade" reader="UINT" />
			<node name="is_drop" reader="UINT" />
			<node name="is_destruct" reader="UINT" />
			<node name="is_private_store" reader="UINT" />
			<node name="keep_type" reader="UINT" />
			<node name="is_npctrade" reader="UINT" />
			<node name="is_commission_store" reader="UINT" />
		</for>
	</file>

	<file pattern="Underground" isSafePackage="true">
		<node name="data" reader="UINT" />
		<for name="item_name" size="#data" hidden="false">
			<node name="id" reader="UINT" />
			<node name="name" reader="UNICODE" />
			<node name="additionalname" reader="ASCF" />
			<node name="description" reader="ASCF" />
			<node name="popup" reader="INT" />
			<node name="default_action" reader="ASCF" />
			<node name="use_order" reader="UINT" />
			<node name="name_class" reader="UINT" />
			<node name="color" reader="UINT" />
			<node name="Tooltip_Texture" reader="UNICODE" />
			<node name="is_trade" reader="UINT" />
			<node name="is_drop" reader="UINT" />
			<node name="is_destruct" reader="UINT" />
			<node name="is_private_store" reader="UINT" />
			<node name="keep_type" reader="UINT" />
			<node name="is_npctrade" reader="UINT" />
			<node name="is_commission_store" reader="UINT" />
		</for>
	</file>

	<file pattern="Helios" isSafePackage="true">
		<node name="data" reader="UINT" />
		<for name="item_name" size="#data" hidden="false">
			<node name="id" reader="UINT" />
			<node name="name" reader="MAP_INT" />
			<node name="additionalname" reader="MAP_INT" />
			<node name="description" reader="ASCF" />
			<node name="popup" reader="SHORT" />
			<node name="default_action" reader="ASCF" />
			<node name="use_order" reader="UINT" />
			<node name="name_class" reader="SHORT" />
			<node name="color" reader="UCHAR" />
			<node name="Tooltip_Texture" reader="MAP_INT" />
			<node name="is_trade" reader="UCHAR" />
			<node name="is_drop" reader="UCHAR" />
			<node name="is_destruct" reader="UCHAR" />
			<node name="is_private_store" reader="UCHAR" />
			<node name="keep_type" reader="UCHAR" />
			<node name="is_npctrade" reader="UCHAR" />
			<node name="is_commission_store" reader="UCHAR" />
		</for>
	</file>

	<file pattern="GrandCrusade" isSafePackage="true">
		<node name="data" reader="UINT" />
		<for name="item_name" size="#data" hidden="false">
			<node name="id" reader="UINT" />
			<node name="name" reader="MAP_INT" />
			<node name="additionalname" reader="ASCF" />
			<node name="description" reader="ASCF" />
			<node name="popup" reader="SHORT" />
			<node name="default_action" reader="ASCF" />
			<node name="use_order" reader="UINT" />
			<node name="name_class" reader="SHORT" />
			<node name="color" reader="UCHAR" />
			<node name="Tooltip_Texture" reader="MAP_INT" />
			<node name="is_trade" reader="UCHAR" />
			<node name="is_drop" reader="UCHAR" />
			<node name="is_destruct" reader="UCHAR" />
			<node name="is_private_store" reader="UCHAR" />
			<node name="keep_type" reader="UCHAR" />
			<node name="is_npctrade" reader="UCHAR" />
			<node name="is_commission_store" reader="UCHAR" />
		</for>
	</file>

	<file pattern="PreludeOfWar" isSafePackage="true">
		<node name="data" reader="UINT" />
		<for name="item_name" size="#data" hidden="false">
			<node name="id" reader="UINT" />
			<node name="name" reader="MAP_INT" />
			<node name="additionalname" reader="ASCF" />
			<node name="description" reader="ASCF" />
			<node name="popup" reader="SHORT" />
			<node name="default_action" reader="ASCF" />
			<node name="use_order" reader="UINT" />
			<node name="name_class" reader="SHORT" />
			<node name="color" reader="UCHAR" />
			<node name="Tooltip_Texture" reader="MAP_INT" />
			<node name="is_trade" reader="UCHAR" />
			<node name="is_drop" reader="UCHAR" />
			<node name="is_destruct" reader="UCHAR" />
			<node name="is_private_store" reader="UCHAR" />
			<node name="keep_type" reader="UCHAR" />
			<node name="is_npctrade" reader="UCHAR" />
			<node name="is_commission_store" reader="UCHAR" />
		</for>
		<node name="data2" reader="CNTR" />
		<for name="item_macro" size="#data2" hidden="false">
			<node name="macro_id" reader="UINT" />
			<node name="automatic_use" reader="UCHAR" />
		</for>
	</file>

	<file pattern="PreludeOfWar2" isSafePackage="true">
		<node name="data" reader="UINT" />
		<for name="item_name" size="#data" hidden="false">
			<node name="id" reader="UINT" />
			<node name="name" reader="MAP_INT" />
			<node name="additionalname" reader="ASCF" />
			<node name="description" reader="ASCF" />
			<node name="popup" reader="SHORT" />
			<node name="default_action" reader="ASCF" />
			<node name="use_order" reader="UINT" />
			<node name="name_class" reader="SHORT" />
			<node name="color" reader="UCHAR" />
			<node name="Tooltip_Texture" reader="MAP_INT" />
			<node name="is_trade" reader="UCHAR" />
			<node name="is_drop" reader="UCHAR" />
			<node name="is_destruct" reader="UCHAR" />
			<node name="is_private_store" reader="UCHAR" />
			<node name="keep_type" reader="UCHAR" />
			<node name="is_npctrade" reader="UCHAR" />
			<node name="is_commission_store" reader="UCHAR" />
		</for>
		<node name="data2" reader="CNTR" />
		<for name="item_macro" size="#data2" hidden="false">
			<node name="macro_id" reader="UINT" />
			<node name="automatic_use" reader="UCHAR" />
		</for>
	</file>

	<file pattern="PreludeOfWar3" isSafePackage="true">
		<node name="data" reader="UINT" />
		<for name="item_name" size="#data" hidden="false">
			<node name="id" reader="UINT" />
			<node name="name" reader="MAP_INT" />
			<node name="additionalname" reader="ASCF" />
			<node name="description" reader="ASCF" />
			<node name="popup" reader="SHORT" />
			<node name="default_action" reader="ASCF" />
			<node name="use_order" reader="UINT" />
			<node name="name_class" reader="SHORT" />
			<node name="color" reader="UCHAR" />
			<node name="Tooltip_Texture" reader="MAP_INT" />
			<node name="is_trade" reader="UCHAR" />
			<node name="is_drop" reader="UCHAR" />
			<node name="is_destruct" reader="UCHAR" />
			<node name="is_private_store" reader="UCHAR" />
			<node name="keep_type" reader="UCHAR" />
			<node name="is_npctrade" reader="UCHAR" />
			<node name="is_commission_store" reader="UCHAR" />
		</for>
		<node name="data2" reader="CNTR" />
		<for name="item_macro" size="#data2" hidden="false">
			<node name="macro_id" reader="UINT" />
			<node name="automatic_use" reader="UCHAR" />
		</for>
		<node name="data3" reader="UINT" />
		<for name="item_ex" size="#data3" hidden="false">
			<node name="item_ex_id" reader="UINT" />
			<node name="KeepSelectType" reader="UCHAR" />
			<node name="KeepEnchantCondition" reader="UINT" />
			<node name="KeepOption1" reader="UCHAR" />
			<node name="KeepOption2" reader="UCHAR" />
		</for>
	</file>

	<file pattern="Homunculus" isSafePackage="true">
		<node name="data" reader="UINT" />
		<for name="item_name" size="#data" hidden="false">
			<node name="id" reader="UINT" />
			<node name="name" reader="MAP_INT" />
			<node name="additionalname" reader="ASCF" />
			<node name="description" reader="ASCF" />
			<node name="popup" reader="SHORT" />
			<node name="default_action" reader="ASCF" />
			<node name="use_order" reader="UINT" />
			<node name="name_class" reader="SHORT" />
			<node name="color" reader="UCHAR" />
			<node name="Tooltip_Texture" reader="MAP_INT" />
			<node name="Tooltip_BG_Texture" reader="MAP_INT" />
			<node name="Tooltip_BG_Texture_Compare" reader="MAP_INT" />
			<node name="Tooltip_BG_Deco_Texture" reader="MAP_INT" />
			<node name="is_trade" reader="UCHAR" />
			<node name="is_drop" reader="UCHAR" />
			<node name="is_destruct" reader="UCHAR" />
			<node name="is_private_store" reader="UCHAR" />
			<node name="keep_type" reader="UCHAR" />
			<node name="is_npctrade" reader="UCHAR" />
			<node name="is_commission_store" reader="UCHAR" />
		</for>
		<node name="data2" reader="CNTR" />
		<for name="item_macro" size="#data2" hidden="false">
			<node name="macro_id" reader="UINT" />
			<node name="automatic_use" reader="UCHAR" />
		</for>
		<node name="data3" reader="UINT" />
		<for name="item_ex" size="#data3" hidden="false">
			<node name="item_ex_id" reader="UINT" />
			<node name="keep_type_selection" reader="UCHAR" />
			<wrapper name="keep_type_enchant">
				<node name="KeepEnchantCondition" reader="UINT" />
				<node name="KeepOption1" reader="UCHAR" />
				<node name="KeepOption2" reader="UCHAR" />
			</wrapper>
		</for>
	</file>

	<file pattern="Homunculus2" isSafePackage="true">
		<node name="data" reader="UINT" />
		<for name="item_name" size="#data" hidden="false">
			<node name="id" reader="UINT" />
			<node name="name" reader="MAP_INT" />
			<node name="additionalname" reader="ASCF" />
			<node name="description" reader="ASCF" />
			<node name="popup" reader="SHORT" />
			<node name="default_action" reader="ASCF" />
			<node name="use_order" reader="UINT" />
			<node name="name_class" reader="SHORT" />
			<node name="color" reader="UCHAR" />
			<node name="Tooltip_Texture" reader="MAP_INT" />
			<node name="Tooltip_BG_Texture" reader="MAP_INT" />
			<node name="Tooltip_BG_Texture_Compare" reader="MAP_INT" />
			<node name="Tooltip_BG_Deco_Texture" reader="MAP_INT" />
			<node name="is_trade" reader="UCHAR" />
			<node name="is_drop" reader="UCHAR" />
			<node name="is_destruct" reader="UCHAR" />
			<node name="is_private_store" reader="UCHAR" />
			<node name="keep_type" reader="UCHAR" />
			<node name="is_npctrade" reader="UCHAR" />
			<node name="is_commission_store" reader="UCHAR" />
			<node name="enchant_bless" reader="UINT" />
			<node name="DBdelete" reader="LONG" />
			<node name="create_items_list" reader="CNTR" />
			<for name="create_items_list" size="#create_items_list">
				<node name="ItemClassID" reader="UINT" />
				<node name="Count" reader="UINT" />
				<node name="EnchantValue" reader="UINT" />
				<node name="MarkType" reader="UCHAR" enumName="create_item_list_mark_type" />
			</for>
			<node name="sort_order" reader="UBYTE" />
		</for>
		<node name="data2" reader="CNTR" />
		<for name="item_macro" size="#data2" hidden="false">
			<node name="macro_id" reader="UINT" />
			<node name="automatic_use" reader="UCHAR" />
		</for>
		<node name="data3" reader="UINT" />
		<for name="item_ex" size="#data3" hidden="false">
			<node name="item_ex_id" reader="UINT" />
			<node name="keep_type_selection" reader="UCHAR" enumName="keep_type_selection" />
			<wrapper name="keep_type_enchant">
				<node name="KeepEnchantCondition" reader="UINT" />
				<node name="KeepOption1" reader="UCHAR" />
				<node name="KeepOption2" reader="UCHAR" />
			</wrapper>
		</for>
	</file>

	<file pattern="MasterClass2" isSafePackage="true">
		<node name="data" reader="UINT" />
		<for name="item_name" size="#data" hidden="false">
			<node name="id" reader="UINT" />
			<node name="name" reader="MAP_INT" />
			<node name="additionalname" reader="ASCF" />
			<node name="description" reader="ASCF" />
			<node name="popup" reader="SHORT" />
			<node name="default_action" reader="ASCF" />
			<node name="use_order" reader="UINT" />
			<node name="name_class" reader="SHORT" />
			<node name="color" reader="UCHAR" />
			<node name="Tooltip_Texture" reader="MAP_INT" />
			<node name="Tooltip_BG_Texture" reader="MAP_INT" />
			<node name="Tooltip_BG_Texture_Compare" reader="MAP_INT" />
			<node name="Tooltip_BG_Deco_Texture" reader="MAP_INT" />
			<node name="is_trade" reader="UCHAR" />
			<node name="is_drop" reader="UCHAR" />
			<node name="is_destruct" reader="UCHAR" />
			<node name="is_private_store" reader="UCHAR" />
			<node name="keep_type" reader="UCHAR" />
			<node name="is_npctrade" reader="UCHAR" />
			<node name="is_commission_store" reader="UCHAR" />
			<node name="enchant_bless" reader="UINT" />
			<node name="DBdelete" reader="LONG" />
			<node name="create_items_list" reader="CNTR" />
			<for name="create_items_list" size="#create_items_list">
				<node name="unk_1" reader="UBYTE" />
				<node name="random_create_list_size" reader="CNTR" />
				<for name="unk_1_list" size="#random_create_list_size">
					<node name="ItemClassID" reader="UINT" />
					<node name="Count" reader="UINT" />
					<node name="EnchantLevel" reader="UINT" />
					<node name="unk_2" reader="UINT" />
				</for>
			</for>
			<node name="sort_order" reader="UBYTE" />
			<node name="auction_category" reader="UINT" />
		</for>
		<node name="data2" reader="CNTR" />
		<for name="item_macro" size="#data2" hidden="false">
			<node name="macro_id" reader="UINT" />
			<node name="automatic_use" reader="UCHAR" />
		</for>
		<node name="data3" reader="UINT" />
		<for name="item_ex" size="#data3" hidden="false">
			<node name="item_ex_id" reader="UINT" />
			<node name="keep_type_selection" reader="UCHAR" enumName="keep_type_selection" />
			<wrapper name="keep_type_enchant">
				<node name="KeepEnchantCondition" reader="UINT" />
				<node name="KeepOption1" reader="UCHAR" />
				<node name="KeepOption2" reader="UCHAR" />
			</wrapper>
		</for>
	</file>

	<file pattern="MasterClass3" isSafePackage="true">
		<node name="data" reader="UINT" />
		<for name="item_name" size="#data" hidden="false">
			<node name="id" reader="UINT" />
			<node name="name" reader="MAP_INT" />
			<node name="additionalname" reader="ASCF" />
			<node name="description" reader="ASCF" />
			<node name="popup" reader="SHORT" />
			<node name="default_action" reader="UINT" enumName="item_default_action" />
			<node name="use_order" reader="UINT" />
			<node name="name_class" reader="SHORT" />
			<node name="color" reader="UCHAR" />
			<node name="Tooltip_Texture" reader="MAP_INT" />
			<node name="Tooltip_BG_Texture" reader="MAP_INT" />
			<node name="Tooltip_BG_Texture_Compare" reader="MAP_INT" />
			<node name="Tooltip_BG_Deco_Texture" reader="MAP_INT" />
			<node name="is_trade" reader="UCHAR" />
			<node name="is_drop" reader="UCHAR" />
			<node name="is_destruct" reader="UCHAR" />
			<node name="is_private_store" reader="UCHAR" />
			<node name="keep_type" reader="UCHAR" />
			<node name="is_npctrade" reader="UCHAR" />
			<node name="is_commission_store" reader="UCHAR" />
			<node name="enchant_bless" reader="UINT" />
			<node name="DBdelete" reader="LONG" />
			<node name="create_items_list" reader="CNTR" />
			<for name="create_items_list" size="#create_items_list">
				<node name="drop_type" reader="UBYTE" />
				<node name="random_create_list_size" reader="CNTR" />
				<for name="unk_1_list" size="#random_create_list_size">
					<node name="ItemClassID" reader="UINT" />
					<node name="Count" reader="UINT" />
					<node name="EnchantLevel" reader="UINT" />
					<node name="unk_2" reader="UINT" />
				</for>
			</for>
			<node name="sort_order" reader="UBYTE" />
			<node name="auction_category" reader="UINT" />
		</for>
		<node name="data2" reader="CNTR" />
		<for name="item_macro" size="#data2" hidden="false">
			<node name="macro_id" reader="UINT" />
			<node name="automatic_use" reader="UCHAR" />
		</for>
		<node name="data3" reader="UINT" />
		<for name="item_ex" size="#data3" hidden="false">
			<node name="item_ex_id" reader="UINT" />
			<node name="keep_type_selection" reader="UCHAR" enumName="keep_type_selection" />
			<wrapper name="keep_type_enchant">
				<node name="KeepEnchantCondition" reader="UINT" />
				<node name="KeepOption1" reader="UCHAR" />
				<node name="KeepOption2" reader="UCHAR" />
			</wrapper>
		</for>
	</file>

	<file pattern="Shinemaker" isSafePackage="true">
		<node name="data" reader="UINT" />
		<for name="item_name" size="#data" hidden="false">
			<node name="id" reader="UINT" />
			<node name="name" reader="MAP_INT" />
			<node name="additionalname" reader="ASCF" />
			<node name="description" reader="ASCF" />
			<node name="popup" reader="SHORT" />
			<node name="default_action" reader="UINT" enumName="item_default_action" />
			<node name="use_order" reader="UINT" />
			<node name="name_class" reader="SHORT" />
			<node name="color" reader="UCHAR" />
			<node name="Tooltip_Texture" reader="MAP_INT" />
			<node name="Tooltip_BG_Texture" reader="MAP_INT" />
			<node name="Tooltip_BG_Texture_Compare" reader="MAP_INT" />
			<node name="Tooltip_BG_Deco_Texture" reader="MAP_INT" />
			<node name="is_trade" reader="UCHAR" />
			<node name="is_drop" reader="UCHAR" />
			<node name="is_destruct" reader="UCHAR" />
			<node name="is_private_store" reader="UCHAR" />
			<node name="keep_type" reader="UCHAR" />
			<node name="is_npctrade" reader="UCHAR" />
			<node name="is_commission_store" reader="UCHAR" />
			<node name="enchant_bless" reader="UINT" />
			<node name="create_items_list" reader="CNTR" />
			<for name="create_items_list" size="#create_items_list">
				<node name="drop_type" reader="UBYTE" />
				<node name="random_create_list_size" reader="CNTR" />
				<for name="unk_1_list" size="#random_create_list_size">
					<node name="ItemClassID" reader="UINT" />
					<node name="Count" reader="UINT" />
					<node name="EnchantLevel" reader="UINT" />
					<node name="unk_2" reader="UINT" />
				</for>
			</for>
			<node name="sort_order" reader="UBYTE" />
			<node name="auction_category" reader="UINT" />
		</for>
		<node name="data2" reader="CNTR" />
		<for name="item_macro" size="#data2" hidden="false">
			<node name="macro_id" reader="UINT" />
			<node name="automatic_use" reader="UCHAR" />
		</for>
		<node name="data3" reader="UINT" />
		<for name="item_ex" size="#data3" hidden="false">
			<node name="item_ex_id" reader="UINT" />
			<node name="keep_type_selection" reader="UCHAR" enumName="keep_type_selection" />
			<wrapper name="keep_type_enchant">
				<node name="KeepEnchantCondition" reader="UINT" />
				<node name="KeepOption1" reader="UCHAR" />
				<node name="KeepOption2" reader="UCHAR" />
			</wrapper>
		</for>
	</file>

	<file pattern="ShieldOfKingdom" isSafePackage="true">
		<node name="data" reader="UINT" />
		<for name="item_name" size="#data" hidden="false">
			<node name="id" reader="UINT" />
			<node name="name" reader="MAP_INT" />
			<node name="additionalname" reader="ASCF" />
			<node name="description" reader="ASCF" />
			<node name="popup" reader="SHORT" />
			<node name="default_action" reader="UINT" enumName="item_default_action" />
			<node name="use_order" reader="UINT" />
			<node name="name_class" reader="SHORT" />
			<node name="color" reader="UCHAR" />
			<node name="Tooltip_Texture" reader="MAP_INT" />
			<node name="Tooltip_BG_Texture" reader="MAP_INT" />
			<node name="Tooltip_BG_Texture_Compare" reader="MAP_INT" />
			<node name="Tooltip_BG_Deco_Texture" reader="MAP_INT" />
			<node name="is_trade" reader="UCHAR" />
			<node name="is_drop" reader="UCHAR" />
			<node name="is_destruct" reader="UCHAR" />
			<node name="is_private_store" reader="UCHAR" />
			<node name="keep_type" reader="UCHAR" />
			<node name="is_npctrade" reader="UCHAR" />
			<node name="is_commission_store" reader="UCHAR" />
			<node name="enchant_bless" reader="UINT" />
			<node name="create_items_list" reader="CNTR" />
			<!--
			<for name="create_items_list" size="#create_items_list">
				<node name="drop_type" reader="UBYTE" />
				<node name="random_create_list_size" reader="CNTR" />
				<for name="unk_1_list" size="#random_create_list_size">
					<node name="ItemClassID" reader="UINT" />
					<node name="Count" reader="UINT" />
					<node name="EnchantLevel" reader="UINT" />
					<node name="unk_2" reader="UINT" />
				</for>
			</for>
			-->
			<node name="sort_order" reader="UBYTE" />
			<node name="auction_category" reader="UINT" />
		</for>
		<node name="data2" reader="CNTR" />
		<for name="item_macro" size="#data2" hidden="false">
			<node name="macro_id" reader="UINT" />
			<node name="automatic_use" reader="UCHAR" />
		</for>
		<node name="data3" reader="UINT" />
		<for name="item_ex" size="#data3" hidden="false">
			<node name="item_ex_id" reader="UINT" />
			<node name="keep_type_selection" reader="UCHAR" enumName="keep_type_selection" />
			<wrapper name="keep_type_enchant">
				<node name="KeepEnchantCondition" reader="UINT" />
				<node name="KeepOption1" reader="UCHAR" />
				<node name="KeepOption2" reader="UCHAR" />
			</wrapper>
		</for>
	</file>
</list>
