<?xml version="1.0" encoding="UTF-8"?>
<list>
	<file pattern="PathOfRogue_Classic" isSafePackage="true">
		<node name="data" reader="UINT" />
		<for name="lcoin_shop_category" size="#data" hidden="false">
			<node name="id" reader="USHORT" />
			<node name="string_id" reader="UINT" />
			<node name="string_color" reader="UINT" />
			<node name="ribbon_texture" reader="UINT" />
			<node name="optional" reader="UINT" />
			<node name="show_server" reader="UINT" />
		</for>
	</file>
	<file pattern="PathOfRogue_Essence" isSafePackage="true">
		<node name="data" reader="CNTR" />
		<for name="lcoin_shop_category" size="#data" hidden="false">
			<node name="id" reader="UBYTE" />
			<node name="string_id" reader="UINT" />
			<node name="string_color" reader="RGBA" />
			<node name="ribbon_texture" reader="CNTR" />
			<for name="ribbon_texture" size="#ribbon_texture">
				<node name="ribbon_texture1" reader="MAP_INT" />
			</for>
			<node name="optional" reader="UBYTE" />
			<node name="show_server" reader="UCHAR" />
			<for name="show_server" size="#show_server">
				<node name="show_server1" reader="UCHAR" />
			</for>
		</for>
	</file>
<file pattern="OrcVillage" isSafePackage="true">
    <node name="data" reader="CNTR" />
    <for name="lcoin_shop_category" size="#data" hidden="false">
        <node name="id" reader="UBYTE" />
<!-- SIMPLESMENTE LER TUDO COMO BYTES E VER NO QUE DÁ -->
<node name="byte0" reader="UBYTE" />
<node name="byte1" reader="UBYTE" />
<node name="bytes2_5" reader="UINT" />
<node name="bytes6_9" reader="UINT" />
<node name="bytes10_13" reader="UINT" />
<node name="bytes14_17" reader="UINT" />
<node name="bytes18_21" reader="UINT" />
<node name="bytes22_25" reader="UINT" />
<node name="bytes26_27" reader="USHORT" />
    </for>
</file>
    <file pattern="SamuraiCrow" isSafePackage="true">
        <node name="data" reader="CNTR" />
        <for name="LCoinShopCategory" size="#data" hidden="false">
            <node name="id" reader="UBYTE" />
            <node name="string_id" reader="UINT" />
            <node name="string_color" reader="ASCF" />
            <node name="ribbon_texture_lshop" reader="MAP_INT" />
            <node name="optional" reader="UBYTE" />
            <node name="show_server" reader="UCHAR" />
            <for name="show_server" size="#show_server">
                <node name="show_server1" reader="UINT" />
            </for>
            <node name="CraftableList" reader="UBYTE" />
            <node name="MainStringID" reader="UINT" />
        </for>
   </file>
</list>
