<?xml version="1.0" encoding="UTF-8"?>
<list>
	<file pattern="ScionsOfDestiny" isSafePackage="true">
		<node name="data" reader="UINT" />
		<for name="skill" size="#data" hidden="false">
			<node name="npc_id" reader="UINT" />
			<node name="skill_id" reader="UINT" />
			<node name="seq_name" reader="UNICODE" />
			<node name="skill_name" reader="ASCF" />
			<node name="npc_name" reader="ASCF" />
			<node name="npc_class" reader="ASCF" />
		</for>
	</file>
	<file pattern="Helios" isSafePackage="true">
		<node name="data" reader="UINT" />
		<for name="skill" size="#data" hidden="false">
			<node name="npc_id" reader="UINT" />
			<node name="skill_id" reader="UINT" />
			<node name="seq_name" reader="MAP_INT" />
		</for>
	</file>
</list>
