<?xml version="1.0" encoding="UTF-8"?>
<list>
	<file pattern="Awakening" isSafePackage="true">
		<node name="data" reader="UINT" />
		<for name="skill" size="#data" hidden="false">
			<node name="id" reader="UINT" />
			<node name="level" reader="UINT" />
			<node name="equiptype" reader="UINT" />
			<node name="attackitemtype" reader="CNTR" />
			<for name="attackitemtype" size="#attackitemtype">
				<node name="param_attackitemtype" reader="UINT" />
			</for>
			<node name="stattype" reader="UINT" />
			<node name="statpercentage" reader="UINT" />
			<node name="up" reader="UINT" />
			<node name="hpconsume" reader="UINT" />
			<node name="mpconsume1" reader="UINT" />
			<node name="mpconsume2" reader="UINT" />
			<node name="itemid" reader="UINT" />
			<node name="itemnum" reader="UINT" />
			<node name="casterpriorskilllist" reader="CNTR" />
			<for name="casterpriorskilllist" size="#casterpriorskilllist">
				<node name="param_casterpriorskilllist1" reader="UINT" />
				<node name="param_casterpriorskilllist2" reader="UINT" />
			</for>
			<node name="targetpriorskilllist" reader="CNTR" />
			<for name="targetpriorskilllist">
				<node name="param_targetpriorskilllist1" reader="UINT" />
				<node name="param_targetpriorskilllist2" reader="UINT" />
			</for>
			<node name="ultimateconsumegauge" reader="UINT" />
		</for>
	</file>
	<file pattern="Helios" isSafePackage="true">
		<node name="data" reader="UINT" />
		<for name="skill" size="#data" hidden="false">
			<node name="id" reader="UINT" />
			<node name="level" reader="UCHAR" />
			<node name="sub_level" reader="SHORT" />
			<node name="equiptype" reader="UCHAR" />
			<node name="attackitemtype" reader="UCHAR" />
			<for name="attackitemtype" size="#attackitemtype">
				<!--
					case 1: SWORD
					case 2: BLUNT
					case 3: DAGGER
					case 4: POLE
					case 5: DUALFIST
					case 6: BOW
					case 8: DUALSWORD
					case 10: ROD
					case 11: RAPIER
					case 12: CROSSBOW
					case 13: ANCIENTSWORD
					case 15: DUALDAGGER
					case 17: TWOHANDCROSSBOW
					case 18: DUALBLUNT
				-->
				<node name="param_attackitemtype" reader="UCHAR" />
			</for>
			<wrapper name="use_cond">
				<node name="stattype" reader="UCHAR" />
				<!--
				case 1: RemainHpPer (Self)
				case 2: RemainMpPer (Self)
				case 3: RemainCpPer (Self)
				case 4: RemainHpPer (Target)
				-->
				<node name="statpercentage" reader="UCHAR" />
				<node name="up" reader="UCHAR" />
				<!--
				case 0: Less
				case 1: More
				-->
			</wrapper>
			<node name="hpconsume" reader="SHORT" />
			<node name="mpconsume1" reader="SHORT" />
			<node name="mpconsume2" reader="SHORT" />
			<wrapper name="item_consume">
				<node name="itemid" reader="UINT" />
				<node name="itemnum" reader="SHORT" />
			</wrapper>
			<node name="casterpriorskilllist" reader="CNTR" />
			<for name="casterpriorskilllist" size="#casterpriorskilllist">
				<node name="param_casterpriorskilllist1" reader="UINT" />
				<node name="param_casterpriorskilllist2" reader="UINT" />
			</for>
			<node name="targetpriorskilllist" reader="CNTR" />
			<for name="targetpriorskilllist">
				<node name="param_targetpriorskilllist1" reader="UINT" />
				<node name="param_targetpriorskilllist2" reader="UINT" />
			</for>
		</for>
	</file>
	<file pattern="EtinasFate" isSafePackage="true">
		<node name="data" reader="UINT" />
		<for name="skill" size="#data" hidden="false">
			<node name="id" reader="UINT" />
			<node name="level" reader="UCHAR" />
			<node name="sub_level" reader="SHORT" />
			<node name="mask" reader="SHORT" />
			<node name="equiptype" reader="UCHAR" />
			<node name="attackitemtype" reader="UCHAR" />
			<for name="attackitemtype" size="#attackitemtype">
				<node name="param_attackitemtype" reader="UCHAR" />
			</for>
			<wrapper name="use_cond">
				<node name="stattype" reader="UCHAR" />
				<!--
				case 1: RemainHpPer (Self)
				case 2: RemainMpPer (Self)
				case 3: RemainCpPer (Self)
				case 4: RemainHpPer (Target)
				-->
				<node name="statpercentage" reader="UCHAR" />
				<node name="up" reader="UCHAR" />
				<!--
				case 0: Less
				case 1: More
				-->
			</wrapper>
			<node name="hpconsume" reader="SHORT" />
			<node name="mpconsume1" reader="SHORT" />
			<node name="mpconsume2" reader="SHORT" />
			<wrapper name="item_consume">
				<node name="itemid" reader="UINT" />
				<node name="itemnum" reader="SHORT" />
			</wrapper>
			<node name="casterpriorskilllist" reader="CNTR" />
			<for name="casterpriorskilllist" size="#casterpriorskilllist">
				<node name="param_casterpriorskilllist_skill_id" reader="USHORT" />
				<node name="param_casterpriorskilllist_skill_level" reader="UCHAR" />
				<node name="param_casterpriorskilllist_skill_sub_level" reader="USHORT" />
			</for>
			<node name="targetpriorskilllist" reader="CNTR" />
			<for name="targetpriorskilllist">
				<node name="param_targetpriorskilllist_skill_id" reader="USHORT" />
				<node name="param_targetpriorskilllist_skill_level" reader="UCHAR" />
				<node name="param_targetpriorskilllist_skill_sub_level" reader="USHORT" />
			</for>
		</for>
	</file>
	<file pattern="PreludeOfWar3" isSafePackage="true">
		<node name="data" reader="UINT" />
		<for name="skill" size="#data" hidden="false">
			<node name="id" reader="UINT" />
			<node name="level" reader="UCHAR" />
			<node name="sub_level" reader="SHORT" />
			<node name="mask" reader="SHORT" />
			<node name="equiptype" reader="UCHAR" />
			<node name="attackitemtype" reader="UCHAR" />
			<for name="attackitemtype" size="#attackitemtype">
				<node name="param_attackitemtype" reader="UCHAR" />
			</for>
			<node name="stattype" reader="UCHAR" />
			<node name="statpercentage" reader="UCHAR" />
			<node name="up" reader="UCHAR" />
			<node name="hpconsume" reader="SHORT" />
			<node name="mpconsume1" reader="SHORT" />
			<node name="mpconsume2" reader="SHORT" />
			<node name="itemid" reader="UINT" />
			<node name="itemnum" reader="SHORT" />
			<node name="casterpriorskilllist" reader="CNTR" />
			<for name="casterpriorskilllist" size="#casterpriorskilllist">
				<node name="caster_skill_id" reader="SHORT" />
				<node name="caster_skill_level" reader="UCHAR" />
				<node name="caster_skill_sublevel" reader="SHORT" />
			</for>
			<node name="targetpriorskilllist" reader="CNTR" />
			<for name="targetpriorskilllist" size="#targetpriorskilllist">
				<node name="target_skill_id" reader="SHORT" />
				<node name="target_skill_level" reader="UCHAR" />
				<node name="target_skill_sublevel" reader="SHORT" />
			</for>
			<node name="classtype" reader="CNTR" />
			<for name="classtype">
				<node name="param_classtype" reader="UINT" />
			</for>
		</for>
	</file>
	<file pattern="Homunculus2" isSafePackage="true">
		<node name="data" reader="UINT" />
		<for name="skill" size="#data" hidden="false">
			<node name="id" reader="UINT" />
			<node name="level" reader="UCHAR" />
			<node name="sub_level" reader="SHORT" />
			<node name="mask" reader="SHORT" />
			<mask name="mask_1" param="#mask" val="1">
				<node name="equiptype" reader="UCHAR" enumName="mscond_equiptype" />
			</mask>
			<mask name="mask_2" param="#mask" val="2">
				<node name="attackitemtype" reader="UCHAR" />
				<for name="attackitemtype" size="#attackitemtype">
					<node name="param_attackitemtype" reader="UCHAR" enumName="item_weapon_v2_type" />
				</for>
			</mask>
			<mask name="mask_4" param="#mask" val="4">
				<node name="stattype" reader="UCHAR" enumName="mscond_stattype" />
			</mask>
			<mask name="mask_8" param="#mask" val="8">
				<node name="statpercentage" reader="UCHAR" />
			</mask>
			<mask name="mask_16" param="#mask" val="16">
				<node name="up" reader="UCHAR" enumName="mscond_statup" />
			</mask>
			<mask name="mask_32" param="#mask" val="32">
				<node name="hpconsume" reader="SHORT" />
			</mask>
			<mask name="mask_64" param="#mask" val="64">
				<node name="mpconsume1" reader="SHORT" />
			</mask>
			<mask name="mask_128" param="#mask" val="128">
				<node name="mpconsume2" reader="SHORT" />
			</mask>
			<mask name="mask_256" param="#mask" val="256">
				<node name="itemid" reader="UINT" />
			</mask>
			<mask name="mask_512" param="#mask" val="512">
				<node name="itemnum" reader="USHORT" />
			</mask>
			<mask name="mask_1024" param="#mask" val="1024">
				<node name="casterpriorskilllist" reader="CNTR" />
				<for name="casterpriorskilllist" size="#casterpriorskilllist">
					<node name="caster_skill_id" reader="UINT" />
					<node name="caster_skill_level" reader="UCHAR" />
					<node name="caster_skill_sublevel" reader="USHORT" />
				</for>
			</mask>
			<mask name="mask_2048" param="#mask" val="2048">
				<node name="targetpriorskilllist" reader="CNTR" />
				<for name="targetpriorskilllist">
					<node name="target_skill_id" reader="UINT" />
					<node name="target_skill_level" reader="UCHAR" />
					<node name="target_skill_sublevel" reader="USHORT" />
				</for>
			</mask>
			<mask name="mask_4096" param="#mask" val="4096">
				<node name="classtype" reader="CNTR" />
				<for name="classtype">
					<node name="classID" reader="UINT" enumName="class" />
				</for>
			</mask>
		</for>
	</file>
	<file pattern="ReturnOfTheQueenAnt" isSafePackage="true">
		<node name="data" reader="UINT" />
		<for name="skill" size="#data" hidden="false">
			<node name="skill_id" reader="UINT" />
			<node name="skill_level" reader="UCHAR" />
			<node name="skill_sublevel" reader="SHORT" />
			<node name="mask" reader="SHORT" />
			<mask name="mask_1" param="#mask" val="1">
				<node name="equiptype" reader="UCHAR" enumName="mscond_equiptype" />
			</mask>
			<mask name="mask_2" param="#mask" val="2">
				<node name="attackitemtype" reader="UCHAR" />
				<for name="attackitemtype" size="#attackitemtype">
					<node name="param_attackitemtype" reader="UCHAR" enumName="item_weapon_v2_type" />
				</for>
			</mask>
			<mask name="mask_4" param="#mask" val="4">
				<node name="stattype" reader="UCHAR" enumName="mscond_stattype" />
			</mask>
			<mask name="mask_8" param="#mask" val="8">
				<node name="statpercentage" reader="UCHAR" />
			</mask>
			<mask name="mask_16" param="#mask" val="16">
				<node name="up" reader="UCHAR" enumName="mscond_statup" />
			</mask>
			<mask name="mask_32" param="#mask" val="32">
				<node name="hpconsume" reader="SHORT" />
			</mask>
			<mask name="mask_64" param="#mask" val="64">
				<node name="mpconsume1" reader="SHORT" />
			</mask>
			<mask name="mask_128" param="#mask" val="128">
				<node name="mpconsume2" reader="SHORT" />
			</mask>
			<mask name="mask_256" param="#mask" val="256">
				<node name="itemid" reader="UINT" />
			</mask>
			<mask name="mask_512" param="#mask" val="512">
				<node name="itemnum" reader="USHORT" />
			</mask>
			<mask name="mask_1024" param="#mask" val="1024">
				<node name="casterpriorskilllist" reader="CNTR" />
				<for name="casterpriorskilllist" size="#casterpriorskilllist">
					<node name="caster_skill_id" reader="UINT" />
					<node name="caster_skill_level" reader="UCHAR" />
					<node name="caster_skill_sublevel" reader="USHORT" />
				</for>
			</mask>
			<mask name="mask_2048" param="#mask" val="2048">
				<node name="targetpriorskilllist" reader="CNTR" />
				<for name="targetpriorskilllist">
					<node name="target_skill_id" reader="UINT" />
					<node name="target_skill_level" reader="UCHAR" />
					<node name="target_skill_sublevel" reader="USHORT" />
				</for>
			</mask>
			<mask name="mask_4096" param="#mask" val="4096">
				<node name="classtype" reader="CNTR" />
				<for name="classtype">
					<node name="classID" reader="UINT" enumName="class" />
				</for>
			</mask>
		</for>
	</file>
	<file pattern="MasterClass" isSafePackage="true">
		<node name="data" reader="UINT" />
		<for name="skill" size="#data" hidden="false">
			<node name="skill_id" reader="UINT" />
			<node name="skill_level" reader="UCHAR" />
			<node name="skill_sublevel" reader="SHORT" />
			<node name="UNK_1" reader="SHORT" />
			<node name="equiptype" reader="UCHAR" enumName="mscond_equiptype" />
			<node name="attackitemtype" reader="CNTR" />
			<for name="attackitemtype" size="#attackitemtype">
				<node name="param_attackitemtype" reader="UCHAR" enumName="item_weapon_v2_type" />
			</for>
			<node name="stattype" reader="UCHAR" enumName="mscond_stattype" />
			<node name="statpercentage" reader="UCHAR" />
			<node name="up" reader="UCHAR" enumName="mscond_statup" />
			<node name="UNK_2" reader="UBYTE" />
			<node name="UNK_3" reader="UBYTE" />
			<node name="UNK_4" reader="UBYTE" />
			<node name="hpconsume" reader="USHORT" />
			<node name="mpconsume1" reader="USHORT" />
			<node name="mpconsume2" reader="USHORT" />
			<node name="itemid" reader="UINT" />
			<node name="itemnum" reader="USHORT" />
			<node name="casterpriorskilllist" reader="CNTR" />
			<for name="casterpriorskilllist" size="#casterpriorskilllist">
				<node name="caster_skill_id" reader="UINT" />
				<node name="caster_skill_level" reader="UCHAR" />
				<node name="caster_skill_sublevel" reader="USHORT" />
			</for>
			<node name="targetpriorskilllist" reader="CNTR" />
			<for name="targetpriorskilllist" size="#targetpriorskilllist">
				<node name="target_skill_id" reader="UINT" />
				<node name="target_skill_level" reader="UCHAR" />
				<node name="target_skill_sublevel" reader="USHORT" />
			</for>
			<node name="classtype" reader="CNTR" />
			<for name="classtype" size="#classtype">
				<node name="classID" reader="UINT" enumName="class" />
			</for>
		</for>
	</file>
	<file pattern="TheSourceOfFlame" isSafePackage="true">
		<node name="data" reader="UINT" />
		<for name="skill" size="#data" hidden="false">
			<node name="skill_id" reader="UINT" />
			<node name="skill_level" reader="UCHAR" />
			<node name="skill_sublevel" reader="SHORT" />
			<node name="UNK_1" reader="SHORT" />
			<node name="equiptype" reader="UCHAR" enumName="mscond_equiptype" />
			<node name="attackitemtype" reader="CNTR" />
			<for name="attackitemtype" size="#attackitemtype">
				<node name="param_attackitemtype" reader="UCHAR" enumName="item_weapon_v2_type" />
			</for>
			<node name="stattype" reader="UCHAR" enumName="mscond_stattype" />
			<node name="statpercentage" reader="UCHAR" />
			<node name="up" reader="UCHAR" enumName="mscond_statup" />
			<node name="UNK_2" reader="UBYTE" />
			<node name="UNK_3" reader="UBYTE" />
			<node name="UNK_4" reader="UBYTE" />
			<node name="hpconsume" reader="USHORT" />
			<node name="mpconsume1" reader="USHORT" />
			<node name="mpconsume2" reader="USHORT" />
			<node name="itemid" reader="UINT" />
			<node name="itemnum" reader="USHORT" />
			<node name="casterpriorskilllist" reader="CNTR" />
			<for name="casterpriorskilllist" size="#casterpriorskilllist">
				<node name="caster_skill_id" reader="UINT" />
				<node name="caster_skill_level" reader="UCHAR" />
				<node name="caster_skill_sublevel" reader="USHORT" />
			</for>
			<node name="targetpriorskilllist" reader="CNTR" />
			<for name="targetpriorskilllist" size="#targetpriorskilllist">
				<node name="target_skill_id" reader="UINT" />
				<node name="target_skill_level" reader="UCHAR" />
				<node name="target_skill_sublevel" reader="USHORT" />
			</for>
			<node name="classtype" reader="CNTR" />
			<for name="classtype" size="#classtype">
				<node name="classID" reader="UINT" enumName="class" />
			</for>
		</for>
	</file>
	<file pattern="AgeOfMagic" isSafePackage="true">
		<node name="data" reader="UINT" />
		<for name="skill" size="#data" hidden="false">
			<node name="skill_id" reader="UINT" />
			<node name="skill_level" reader="SHORT" />
			<node name="skill_sublevel" reader="SHORT" />
			<node name="UNK_1" reader="SHORT" />
			<node name="equiptype" reader="UCHAR" enumName="mscond_equiptype" />
			<node name="attackitemtype" reader="CNTR" />
			<for name="attackitemtype" size="#attackitemtype">
				<node name="param_attackitemtype" reader="UCHAR" enumName="item_weapon_v2_type" />
			</for>
			<node name="stattype" reader="UCHAR" enumName="mscond_stattype" />
			<node name="statpercentage" reader="UINT" />
			<node name="up" reader="UCHAR" enumName="mscond_statup" />
			<node name="hpconsume" reader="USHORT" />
			<node name="mpconsume1" reader="USHORT" />
			<node name="mpconsume2" reader="USHORT" />
			<node name="itemid" reader="UINT" />
			<node name="itemnum" reader="USHORT" />
			<node name="casterpriorskilllist" reader="CNTR" />
			<for name="casterpriorskilllist" size="#casterpriorskilllist">
				<node name="caster_skill_id" reader="UINT" />
				<node name="caster_skill_level" reader="USHORT" />
				<node name="caster_skill_sublevel" reader="USHORT" />
			</for>
			<node name="targetpriorskilllist" reader="CNTR" />
			<for name="targetpriorskilllist" size="#targetpriorskilllist">
				<node name="target_skill_id" reader="UINT" />
				<node name="target_skill_level" reader="USHORT" />
				<node name="target_skill_sublevel" reader="USHORT" />
			</for>
			<node name="classtype" reader="CNTR" />
			<for name="classtype" size="#classtype">
				<node name="classID" reader="UINT" enumName="class" />
			</for>
		</for>
	</file>
	<file pattern="Shinemaker" isSafePackage="true">
		<node name="data" reader="UINT" />
		<for name="skill" size="#data" hidden="false">
			<node name="skill_id" reader="UINT" />
			<node name="skill_level" reader="SHORT" />
			<node name="skill_sublevel" reader="SHORT" />
			<node name="UNK_1" reader="SHORT" />
			<node name="equiptype" reader="UCHAR" enumName="mscond_equiptype" />
			<node name="attackitemtype" reader="CNTR" />
			<for name="attackitemtype" size="#attackitemtype">
				<node name="param_attackitemtype" reader="UCHAR" enumName="item_weapon_v2_type" />
			</for>
			<node name="stattype" reader="UCHAR" enumName="mscond_stattype" />
			<node name="statpercentage" reader="UINT" />
			<node name="up" reader="UCHAR" enumName="mscond_statup" />
			<node name="hpconsume" reader="USHORT" />
			<node name="mpconsume1" reader="USHORT" />
			<node name="mpconsume2" reader="USHORT" />
			<node name="itemid" reader="UINT" />
			<node name="itemnum" reader="USHORT" />
			<node name="casterpriorskilllist" reader="CNTR" />
			<for name="casterpriorskilllist" size="#casterpriorskilllist">
				<node name="caster_skill_id" reader="UINT" />
				<node name="caster_skill_level" reader="USHORT" />
				<node name="caster_skill_sublevel" reader="USHORT" />
			</for>
			<node name="targetpriorskilllist" reader="CNTR" />
			<for name="targetpriorskilllist" size="#targetpriorskilllist">
				<node name="target_skill_id" reader="UINT" />
				<node name="target_skill_level" reader="USHORT" />
				<node name="target_skill_sublevel" reader="USHORT" />
			</for>
			<node name="classtype" reader="CNTR" />
			<for name="classtype" size="#classtype">
				<node name="classID" reader="UINT" enumName="class" />
			</for>
			<node name="casterwithoutskilllist" reader="CNTR" />
			<for name="casterwithoutskilllist" size="#casterwithoutskilllist">
				<node name="caster_skill_id1" reader="UINT" />
				<node name="caster_skill_level2" reader="USHORT" />
				<node name="caster_skill_sublevel2" reader="USHORT" />
			</for>			
		</for>
	</file>
</list>
