<?xml version="1.0" encoding="UTF-8"?>
<list>
	<file pattern="TheSourceOfFlame" isSafePackage="true">
		<node name="data" reader="UINT" />
		<for name="newquestdata" size="#data" hidden="false">
			<node name="quest_id" reader="UINT" />
			<node name="quest_type" reader="UBYTE" />
			<node name="quest_name" reader="ASCF" />
			<wrapper name="quest_level">
				<node name="quest_min_level" reader="SHORT" />
				<node name="quest_max_level" reader="SHORT" />
			</wrapper>
			<node name="pre_quest" reader="UBYTE" />
			<for name="pre_quest" size="#pre_quest">
				<node name="pre_quest_id" reader="UINT" />
			</for>
			<node name="class" reader="CNTR" />
			<for name="class" size="#class">
				<node name="class_id" reader="UINT" />
			</for>
			<node name="quest_item" reader="UINT" />
			<node name="start_item" reader="UINT" />
            
			<!-- Locations -->
			<node name="start_npc" reader="UINT" />
			<node name="start_npc_loc" reader="UINT" />
			<node name="end_npc" reader="UINT" />
			<node name="end_npc_loc" reader="UINT" />
			<node name="quest_loc" reader="UINT" />
			<node name="goal_string" reader="ASCF" />
			<node name="goal_num" reader="UINT" />
			
			<!-- Reward -->
			<node name="reward_level" reader="SHORT" />
			<node name="reward_exp" reader="UINT" />
			<node name="reward_sp" reader="UINT" />
			<node name="reward_item" reader="UBYTE" />
			<for name="reward_item" size="#reward_item">
				<node name="reward_item_id" reader="UINT" />
				<node name="reward_item_count" reader="UINT" />
			</for>
		</for>
	</file>
	<file pattern="AgeOfMagic" isSafePackage="true">
		<node name="data" reader="UINT" />
		<for name="newquestdata" size="#data" hidden="false">
			<node name="quest_id" reader="UINT" />
			<node name="quest_type" reader="UBYTE" />
			<node name="quest_name" reader="ASCF" />
			<wrapper name="quest_level">
				<node name="quest_min_level" reader="USHORT" />
				<node name="quest_max_level" reader="USHORT" />
			</wrapper>
			<node name="pre_quest" reader="CNTR" />
			<for name="pre_quest" size="#pre_quest">
				<node name="pre_quest_id" reader="UINT" />
			</for>
			<node name="class" reader="CNTR" />
			<for name="class" size="#class">
				<node name="class_id" reader="UINT" />
			</for>
			<node name="quest_item" reader="UINT" />
			<node name="start_item" reader="UINT" />
            
			<!-- Locations -->
			<node name="start_npc" reader="UINT" />
			<node name="start_npc_loc" reader="UINT" />
			<node name="end_npc" reader="UINT" />
			<node name="end_npc_loc" reader="UINT" />
			<node name="quest_loc" reader="UINT" />
			<node name="goal_string" reader="ASCF" />
			<node name="goal_num" reader="UINT" />
			
			<!-- Reward -->
			<node name="reward_level" reader="USHORT" />
			<node name="reward_exp" reader="LONG" />
			<node name="reward_sp" reader="UINT" />
			<node name="reward_item" reader="CNTR" />
			<for name="reward_item" size="#reward_item">
				<node name="reward_item_id" reader="UINT" />
				<node name="reward_item_count" reader="UINT" />
			</for>
		</for>
	</file>
	<file pattern="SamuraiCrow_OLD" isSafePackage="true">
		<node name="data" reader="UINT" />
		<for name="newquestdata" size="#data" hidden="false">
			<node name="quest_id" reader="UINT" />
			<node name="quest_type" reader="UBYTE" />
			<node name="quest_name" reader="ASCF" />
			<wrapper name="quest_level">
				<node name="quest_min_level" reader="USHORT" />
				<node name="quest_max_level" reader="USHORT" />
			</wrapper>
			<node name="pre_quest" reader="CNTR" />
			<for name="pre_quest" size="#pre_quest">
				<node name="pre_quest_id" reader="UINT" />
			</for>
			<node name="class" reader="CNTR" />
			<for name="class" size="#class">
				<node name="class_id" reader="UINT" />
			</for>
			<node name="quest_item" reader="UINT" />
			<node name="start_item" reader="UINT" />
            
			<!-- Locations -->
			<node name="start_npc" reader="UINT" />
			<node name="start_npc_loc" reader="UINT" />
			<node name="end_npc" reader="UINT" />
			<node name="end_npc_loc" reader="UINT" />
			<node name="quest_loc" reader="UINT" />
			<node name="goal_string" reader="ASCF" />
			<node name="goal_num" reader="UINT" />
			
			<!-- Reward -->
			<node name="reward_level" reader="USHORT" />
			<node name="reward_exp" reader="LONG" />
			<node name="reward_sp" reader="UINT" />
			<node name="reward_item" reader="CNTR" />
			<for name="reward_item" size="#reward_item">
				<node name="reward_item_id" reader="UINT" />
				<node name="reward_item_count" reader="UINT" />
			</for>
			<wrapper name="unk_field_a">
			<node name="unk_field1" reader="USHORT" />
			<node name="unk_field2" reader="USHORT" />
			</wrapper>
		</for>
	</file>
	<file pattern="SamuraiCrow" isSafePackage="true">
		<node name="newquestdata" reader="UINT" />
		<for name="newquestdata" hidden="false">
			<node name="quest_id" reader="UINT" />
			<node name="quest_type" reader="UBYTE" enum="ENQuestType" />
			<node name="quest_name" reader="ASCF" />
			<wrapper name="quest_level">
				<node name="quest_min_level" reader="USHORT" />
				<node name="quest_max_level" reader="USHORT" />
			</wrapper>
			<node name="pre_quest" reader="UBYTE" />
			<for name="pre_quest">
				<node name="pre_quest_id" reader="UINT" />
			</for> 
			<node name="class" reader="UBYTE" />
			<for name="class">
				<node name="class_id" reader="UINT" />
			</for>
			<node name="quest_item" reader="UINT" />
			<node name="start_item" reader="UINT" />

			<!-- Locations -->
			<wrapper name="start_npc">
				<node name="start_npc_id" reader="UINT" />
				<node name="start_npc_loc" reader="UINT" />
			</wrapper>
			<wrapper name="end_npc">
				<node name="end_npc_id" reader="UINT" />
				<node name="end_npc_loc" reader="UINT" />
			</wrapper>
			<node name="quest_loc" reader="UINT" />
			<wrapper name="goal">
				<node name="goal_string" reader="ASCF" />
				<node name="goal_num" reader="UINT" />
			</wrapper>

			<!-- Reward -->
			<wrapper name="Reward">
				<node name="reward_level" reader="SHORT" />
				<node name="reward_exp" reader="LONG" />
				<node name="reward_sp" reader="UINT" />
				<node name="reward_item" reader="UBYTE" />
				<for name="reward_item">
					<node name="reward_item_id" reader="UINT" />
					<node name="reward_item_count" reader="UINT" />
				</for>
			</wrapper>
			<node name="order_id" reader="USHORT" />
			<node name="group_id" reader="USHORT" />
		</for>
	</file>
</list>