<?xml version="1.0" encoding="UTF-8"?>
<list>
	<file pattern="Shinemaker" isSafePackage="true">
		<node name="data" reader="INT" />
		<for name="relics_main" size="#data" hidden="false">
			<node name="relics_id" reader="USHORT" />
			<node name="basic_prob" reader="USHORT" />
			<node name="item_id" reader="UINT" />
			<node name="grade" reader="UBYTE" />
			<node name="relics_skills" reader="CNTR" />
			<for name="skill_id" size="#relics_skills">
				<node name="skill_id1" reader="UINT" />
				<node name="skill_level" reader="USHORT" />
			</for>
			<node name="enchanted" reader="CNTR" />
			<for name="enchanted" size="#enchanted">
				<node name="level" reader="UBYTE" />
			</for>
		</for>
	</file>
	<file pattern="PathOfRogue" isSafePackage="true">
		<node name="data" reader="INT" />
		<for name="relics_main" size="#data" hidden="false">
			<node name="relics_id" reader="USHORT" />
			<node name="basic_prob" reader="USHORT" />
			<node name="item_id" reader="UINT" />
			<node name="grade" reader="UBYTE" />
			<node name="relics_skills" reader="CNTR" />
			<for name="skill_id" size="#relics_skills">
				<node name="skill_id1" reader="UINT" />
				<node name="skill_level" reader="USHORT" />
			</for>
			<node name="enchanted" reader="CNTR" />
			<for name="enchanted" size="#enchanted">
				<node name="enchant_level" reader="UBYTE" />
			</for>
			<node name="npc_id" reader="UINT" />
			<node name="level" reader="UBYTE" />
			<node name="sort_order" reader="UBYTE" />
		</for>
	</file>
	<file pattern="ShieldOfKingdom" isSafePackage="true">
		<node name="data" reader="INT" />
		<for name="relics_main" size="#data" hidden="false">
			<node name="relics_id" reader="USHORT" />
			<!-- <node name="basic_prob" reader="USHORT" /> -->
			<node name="item_id" reader="UINT" />
			<node name="grade" reader="UBYTE" />
			<node name="relics_skills" reader="CNTR" />
			<for name="skill_id" size="#relics_skills">
				<node name="skill_id1" reader="UINT" />
				<node name="skill_level" reader="USHORT" />
			</for>
			<node name="enchanted" reader="CNTR" />
			<for name="enchanted" size="#enchanted">
				<node name="enchant_level" reader="UBYTE" />
			</for>
			<node name="npc_id" reader="UINT" />
			<node name="level" reader="UBYTE" />
			<node name="sort_order" reader="UBYTE" />
		</for>
	</file>
	<file pattern="Superion" isSafePackage="true">
		<node name="data" reader="INT" />
		<for name="relics_main" size="#data" hidden="false">
			<node name="relics_id" reader="USHORT" />
			<node name="item_id" reader="UINT" />
			<node name="grade" reader="UBYTE" />
			<node name="relics_skills" reader="CNTR" />
			<for name="skill_id" size="#relics_skills">
				<node name="skill_id" reader="UINT" />
				<node name="skill_level" reader="USHORT" />
				<node name="skill_score" reader="UINT" />
			</for>
			<node name="enchanted" reader="CNTR" />
			<for name="enchanted" size="#enchanted">
				<node name="enchant_level" reader="UBYTE" />
			</for>
			<node name="npc_id" reader="UINT" />
			<node name="level" reader="UBYTE" />
			<node name="sort_order" reader="UBYTE" />
		</for>
	</file>
	<file pattern="SamuraiCrow" isSafePackage="true">
        <node name="data" reader="INT"/>
        <for name="relics_main" size="#data" hidden="false">
            <node name="relics_id" reader="USHORT"/>
            <node name="item_id" reader="UINT"/>
            <node name="grade" reader="UBYTE"/>
            <node name="relics_skills" reader="CNTR"/>
            <for name="skill_id" size="#relics_skills">
                <node name="skill_id1" reader="UINT"/>
                <node name="skill_level" reader="USHORT"/>
                <node name="combat_power" reader="UINT"/>
            </for>
            <node name="enchanted" reader="CNTR"/>
            <for name="enchanted" size="#enchanted">
                <node name="level" reader="UBYTE"/>
            </for>
            
            <node name="npc_id" reader="UINT"/>
            <node name="npc_level" reader="UBYTE"/>
            <node name="sort_order" reader="UBYTE"/>
        </for>
    </file>
</list>