<?xml version="1.0" encoding="UTF-8"?>
<list>
	<file pattern="Interlude" isSafePackage="true">
		<node name="data" reader="UINT" />
		<for name="variation_effect" size="#data" hidden="false">
			<node name="quality1" reader="UINT" />
			<node name="quality2" reader="UINT" />
			<node name="enchant_min" reader="UINT" />
			<node name="enchant_max" reader="UINT" />
			<node name="effect_type" reader="UINT" />
			<node name="effect_name" reader="UNICODE" />
			<node name="item_prefix" reader="ASCF" />
		</for>
	</file>
	<file pattern="Helios" isSafePackage="true">
		<node name="data" reader="UINT" />
		<for name="variation_effect" size="#data" hidden="false">
			<node name="quality1" reader="UINT" />
			<node name="quality2" reader="UINT" />
			<node name="enchant_min" reader="UINT" />
			<node name="enchant_max" reader="UINT" />
			<node name="effect_type" reader="UINT" />
			<node name="effect_name" reader="MAP_INT" />
			<node name="item_prefix" reader="ASCF" />
		</for>
	</file>
	<file pattern="GrandCrusade" isSafePackage="true">
		<node name="data" reader="UINT" />
		<for name="variation_effect" size="#data" hidden="false">
			<node name="quality1" reader="UINT" />
			<node name="quality2" reader="UINT" />
			<node name="enchant_min" reader="UINT" />
			<node name="enchant_max" reader="UINT" />
			<node name="effect_type" reader="UINT" />
			<node name="effect_name" reader="MAP_INT" />
		</for>
	</file>
</list>
